episode,timestep,level,success,rolling_success_rate
1,100,1,0,0.0
2,126,1,1,0.5
3,226,1,0,0.3333
4,326,1,0,0.25
5,426,1,0,0.2
6,526,1,0,0.1667
7,626,1,0,0.1429
8,726,1,0,0.125
9,743,1,1,0.2222
10,843,1,0,0.2
11,943,1,0,0.1818
12,1012,1,1,0.25
13,1112,1,0,0.2308
14,1212,1,0,0.2143
15,1312,1,0,0.2
16,1412,1,0,0.1875
17,1512,1,0,0.1765
18,1612,1,0,0.1667
19,1712,1,0,0.1579
20,1771,1,1,0.2
21,1871,1,0,0.2
22,1971,1,0,0.15
23,2020,1,1,0.2
24,2120,1,0,0.2
25,2220,1,0,0.2
26,2287,1,1,0.25
27,2387,1,0,0.25
28,2487,1,0,0.25
29,2587,1,0,0.2
30,2641,1,1,0.25
31,2741,1,0,0.25
32,2841,1,0,0.2
33,2941,1,0,0.2
34,3041,1,0,0.2
35,3141,1,0,0.2
36,3186,1,1,0.25
37,3286,1,0,0.25
38,3386,1,0,0.25
39,3476,1,1,0.3
40,3520,1,1,0.3
41,3620,1,0,0.3
42,3720,1,0,0.3
43,3820,1,0,0.25
44,3920,1,0,0.25
45,4020,1,0,0.25
46,4048,1,1,0.25
47,4148,1,0,0.25
48,4248,1,0,0.25
49,4348,1,0,0.25
50,4448,1,0,0.2
51,4469,1,1,0.25
52,4516,1,1,0.3
53,4616,1,0,0.3
54,4710,1,1,0.35
55,4810,1,0,0.35
56,4910,1,0,0.3
57,5010,1,0,0.3
58,5110,1,0,0.3
59,5210,1,0,0.25
60,5310,1,0,0.2
61,5410,1,0,0.2
62,5459,1,1,0.25
63,5559,1,0,0.25
64,5659,1,0,0.25
65,5759,1,0,0.25
66,5859,1,0,0.2
67,5959,1,0,0.2
68,6059,1,0,0.2
69,6123,1,1,0.25
70,6223,1,0,0.25
71,6310,1,1,0.25
72,6410,1,0,0.2
73,6509,1,1,0.25
74,6609,1,0,0.2
75,6709,1,0,0.2
76,6809,1,0,0.2
77,6866,1,1,0.25
78,6966,1,0,0.25
79,7066,1,0,0.25
80,7166,1,0,0.25
81,7266,1,0,0.25
82,7279,1,1,0.25
83,7379,1,0,0.25
84,7479,1,0,0.25
85,7579,1,0,0.25
86,7679,1,0,0.25
87,7779,1,0,0.25
88,7879,1,0,0.25
89,7979,1,0,0.2
90,8079,1,0,0.2
91,8179,1,0,0.15
92,8239,1,1,0.2
93,8339,1,0,0.15
94,8421,1,1,0.2
95,8521,1,0,0.2
96,8544,1,1,0.25
97,8598,1,1,0.25
98,8698,1,0,0.25
99,8798,1,0,0.25
100,8898,1,0,0.25
101,8998,1,0,0.25
102,9098,1,0,0.2
103,9198,1,0,0.2
104,9298,1,0,0.2
105,9398,1,0,0.2
106,9498,1,0,0.2
107,9598,1,0,0.2
108,9698,1,0,0.2
109,9798,1,0,0.2
110,9898,1,0,0.2
111,9998,1,0,0.2
112,10049,1,1,0.2
113,10149,1,0,0.2
114,10249,1,0,0.15
115,10349,1,0,0.15
116,10449,1,0,0.1
117,10549,1,0,0.05
118,10649,1,0,0.05
119,10664,1,1,0.1
120,10764,1,0,0.1
121,10864,1,0,0.1
122,10964,1,0,0.1
123,11064,1,0,0.1
124,11164,1,0,0.1
125,11264,1,0,0.1
126,11364,1,0,0.1
127,11464,1,0,0.1
128,11508,1,1,0.15
129,11544,1,1,0.2
130,11644,1,0,0.2
131,11744,1,0,0.2
132,11844,1,0,0.15
133,11898,1,1,0.2
134,11998,1,0,0.2
135,12098,1,0,0.2
136,12144,1,1,0.25
137,12244,1,0,0.25
138,12344,1,0,0.25
139,12444,1,0,0.2
140,12544,1,0,0.2
141,12644,1,0,0.2
142,12744,1,0,0.2
143,12825,1,1,0.25
144,12925,1,0,0.25
145,12993,1,1,0.3
146,13093,1,0,0.3
147,13193,1,0,0.3
148,13293,1,0,0.25
149,13393,1,0,0.2
150,13493,1,0,0.2
151,13593,1,0,0.2
152,13636,1,1,0.25
153,13736,1,0,0.2
154,13836,1,0,0.2
155,13936,1,0,0.2
156,14019,1,1,0.2
157,14079,1,1,0.25
158,14150,1,1,0.3
159,14250,1,0,0.3
160,14350,1,0,0.3
161,14450,1,0,0.3
162,14550,1,0,0.3
163,14650,1,0,0.25
164,14690,1,1,0.3
165,14790,1,0,0.25
166,14890,1,0,0.25
167,14990,1,0,0.25
168,15055,1,1,0.3
169,15155,1,0,0.3
170,15204,1,1,0.35
171,15304,1,0,0.35
172,15404,1,0,0.3
173,15504,1,0,0.3
174,15604,1,0,0.3
175,15640,1,1,0.35
176,15684,1,1,0.35
177,15784,1,0,0.3
178,15884,1,0,0.25
179,15974,1,1,0.3
180,16074,1,0,0.3
181,16112,1,1,0.35
182,16212,1,0,0.35
183,16312,1,0,0.35
184,16412,1,0,0.3
185,16456,1,1,0.35
186,16556,1,0,0.35
187,16620,1,1,0.4
188,16720,1,0,0.35
189,16820,1,0,0.35
190,16864,1,1,0.35
191,16964,1,0,0.35
192,16977,1,1,0.4
193,17039,1,1,0.45
194,17139,1,0,0.45
195,17239,1,0,0.4
196,17283,1,1,0.4
197,17326,1,1,0.45
198,17358,1,1,0.5
199,17458,1,0,0.45
200,17558,1,0,0.45
201,17658,1,0,0.4
202,17758,1,0,0.4
203,17823,1,1,0.45
204,17923,1,0,0.45
205,18023,1,0,0.4
206,18123,1,0,0.4
207,18171,1,1,0.4
208,18271,1,0,0.4
209,18306,1,1,0.45
210,18406,1,0,0.4
211,18506,1,0,0.4
212,18526,1,1,0.4
213,18626,1,0,0.35
214,18726,1,0,0.35
215,18779,1,1,0.4
216,18879,1,0,0.35
217,18926,1,1,0.35
218,19026,1,0,0.3
219,19107,1,1,0.35
220,19171,1,1,0.4
221,19243,1,1,0.45
222,19343,1,0,0.45
223,19443,1,0,0.4
224,19543,1,0,0.4
225,19643,1,0,0.4
226,19743,1,0,0.4
227,19810,1,1,0.4
228,19875,1,1,0.45
229,19918,1,1,0.45
230,20010,1,1,0.5
231,20050,1,1,0.55
232,20141,1,1,0.55
233,20241,1,0,0.55
234,20341,1,0,0.55
235,20441,1,0,0.5
236,20541,1,0,0.5
237,20583,1,1,0.5
238,20641,1,1,0.55
239,20741,1,0,0.5
240,20808,1,1,0.5
241,20908,1,0,0.45
242,20979,1,1,0.5
243,21061,1,1,0.55
244,21122,1,1,0.6
245,21136,1,1,0.65
246,21236,1,0,0.65
247,21336,1,0,0.6
248,21366,1,1,0.6
249,21466,1,0,0.55
250,21517,1,1,0.55
251,21554,1,1,0.55
252,21587,1,1,0.55
253,21687,1,0,0.55
254,21787,1,0,0.55
255,21887,1,0,0.55
256,21987,1,0,0.55
257,22017,1,1,0.55
258,22078,1,1,0.55
259,22092,1,1,0.6
260,22179,1,1,0.6
261,22209,1,1,0.65
262,22309,1,0,0.6
263,22341,1,1,0.6
264,22384,1,1,0.6
265,22484,1,0,0.55
266,22584,1,0,0.55
267,22684,1,0,0.55
268,22784,1,0,0.5
269,22884,1,0,0.5
270,22893,1,1,0.5
271,22993,1,0,0.45
272,23093,1,0,0.4
273,23152,1,1,0.45
274,23210,1,1,0.5
275,23256,1,1,0.55
276,23356,1,0,0.55
277,23456,1,0,0.5
278,23556,1,0,0.45
279,23590,1,1,0.45
280,23665,1,1,0.45
281,23696,1,1,0.45
282,23796,1,1,0.5
283,23881,1,1,0.5
284,23896,1,1,0.5
285,23981,1,1,0.55
286,24081,1,0,0.55
287,24181,1,0,0.55
288,24247,1,1,0.6
289,24347,1,0,0.6
290,24447,1,0,0.55
291,24530,1,1,0.6
292,24605,1,1,0.65
293,24650,1,1,0.65
294,24693,1,1,0.65
295,24726,1,1,0.65
296,24746,1,1,0.7
297,24837,2,1,1.0
298,24937,2,0,0.5
299,25066,2,0,0.3333
300,25166,2,0,0.25
301,25284,2,0,0.2
302,25384,2,0,0.1667
303,25511,2,0,0.1429
304,25641,2,1,0.25
305,25700,2,1,0.3333
306,25824,2,0,0.3
307,25935,2,0,0.2727
308,26060,2,0,0.25
309,26160,2,0,0.2308
310,26270,2,0,0.2143
311,26370,2,0,0.2
312,26428,2,1,0.25
313,26546,2,0,0.2353
314,26646,2,0,0.2222
315,26746,2,0,0.2105
316,26853,2,0,0.2
317,26881,1,1,1.0
318,26978,1,1,1.0
319,27020,1,1,1.0
320,27065,1,1,1.0
321,27091,1,1,1.0
322,27129,1,1,1.0
323,27170,1,1,1.0
324,27212,1,1,1.0
325,27305,1,1,1.0
326,27392,1,1,1.0
327,27425,1,1,1.0
328,27525,1,0,0.9167
329,27569,1,1,0.9231
330,27599,1,1,0.9286
331,27632,1,1,0.9333
332,27699,1,1,0.9375
333,27799,1,0,0.8824
334,27827,1,1,0.8889
335,27847,1,1,0.8947
336,27926,1,1,0.9
337,28026,2,0,0.0
338,28106,2,1,0.5
339,28231,2,0,0.3333
340,28331,2,0,0.25
341,28431,2,0,0.2
342,28531,2,0,0.1667
343,28574,2,1,0.2857
344,28704,2,0,0.25
345,28804,2,0,0.2222
346,28904,2,0,0.2
347,29018,2,0,0.1818
348,29080,2,1,0.25
349,29178,2,1,0.3077
350,29311,2,0,0.2857
351,29433,2,0,0.2667
352,29495,2,1,0.3125
353,29615,2,0,0.2941
354,29737,2,0,0.2778
355,29827,2,1,0.3158
356,29872,2,1,0.35
357,29885,1,1,1.0
358,29985,1,0,0.5
359,30075,1,1,0.6667
360,30143,1,1,0.75
361,30236,1,1,0.8
362,30257,1,1,0.8333
363,30275,1,1,0.8571
364,30375,1,0,0.75
365,30437,1,1,0.7778
366,30516,1,1,0.8
367,30542,1,1,0.8182
368,30590,1,1,0.8333
369,30672,1,1,0.8462
370,30772,1,0,0.7857
371,30806,1,1,0.8
372,30867,1,1,0.8125
373,30934,1,1,0.8235
374,30979,1,1,0.8333
375,31013,1,1,0.8421
376,31074,1,1,0.85
377,31162,2,1,1.0
378,31283,2,0,0.5
379,31383,2,0,0.3333
380,31483,2,0,0.25
381,31587,2,0,0.2
382,31719,2,0,0.1667
383,31819,2,0,0.1429
384,31937,2,0,0.125
385,32031,2,1,0.2222
386,32133,2,1,0.3
387,32233,2,1,0.3636
388,32338,2,1,0.4167
389,32453,2,0,0.3846
390,32564,2,0,0.3571
391,32597,2,1,0.4
392,32658,2,1,0.4375
393,32758,2,0,0.4118
394,32869,2,0,0.3889
395,32913,2,1,0.4211
396,33037,2,0,0.4
397,33151,2,0,0.35
398,33191,1,1,1.0
399,33253,1,1,1.0
400,33330,1,1,1.0
401,33411,1,1,1.0
402,33465,1,1,1.0
403,33559,1,1,1.0
404,33658,1,1,1.0
405,33686,1,1,1.0
406,33772,1,1,1.0
407,33816,1,1,1.0
408,33850,1,1,1.0
409,33906,1,1,1.0
410,33957,1,1,1.0
411,33984,1,1,1.0
412,34019,1,1,1.0
413,34054,1,1,1.0
414,34102,1,1,1.0
415,34202,1,0,0.9444
416,34302,1,0,0.8947
417,34343,1,1,0.9
418,34468,2,1,1.0
419,34570,2,1,1.0
420,34658,2,1,1.0
421,34792,2,0,0.75
422,34851,2,1,0.8
423,34933,2,1,0.8333
424,35014,2,1,0.8571
425,35077,2,1,0.875
426,35183,2,1,0.8889
427,35289,2,0,0.8
428,35338,2,1,0.8182
429,35424,2,1,0.8333
430,35520,2,1,0.8462
431,35620,2,0,0.7857
432,35753,2,0,0.7333
433,35824,2,1,0.75
434,35924,2,0,0.7059
435,36018,2,1,0.7222
436,36049,2,1,0.7368
437,36180,2,0,0.7
438,36304,3,1,1.0
439,36448,3,0,0.5
440,36640,3,0,0.3333
441,36833,3,0,0.25
442,36972,3,1,0.4
443,37027,3,1,0.5
444,37214,3,1,0.5714
445,37344,3,0,0.5
446,37513,3,0,0.4444
447,37711,3,0,0.4
448,37835,3,1,0.4545
449,38034,3,0,0.4167
450,38139,3,1,0.4615
451,38215,3,1,0.5
452,38363,3,0,0.4667
453,38549,3,1,0.5
454,38668,3,0,0.4706
455,38801,3,0,0.4444
456,38995,3,0,0.4211
457,39196,3,0,0.4
458,39340,3,1,0.4
459,39480,3,1,0.45
460,39586,3,0,0.45
461,39652,3,1,0.5
462,39840,3,0,0.45
463,39967,3,0,0.4
464,40126,3,0,0.35
465,40171,2,1,1.0
466,40208,2,1,1.0
467,40322,2,0,0.6667
468,40422,2,0,0.5
469,40529,2,1,0.6
470,40607,2,1,0.6667
471,40635,2,1,0.7143
472,40706,2,1,0.75
473,40768,2,1,0.7778
474,40865,2,1,0.8
475,40906,2,1,0.8182
476,41006,2,0,0.75
477,41096,2,1,0.7692
478,41215,2,1,0.7857
479,41260,2,1,0.8
480,41375,2,1,0.8125
481,41475,2,0,0.7647
482,41597,2,0,0.7222
483,41722,2,0,0.6842
484,41773,2,1,0.7
485,41888,3,1,1.0
486,41963,3,1,1.0
487,42120,3,0,0.6667
488,42218,3,1,0.75
489,42379,3,0,0.6
490,42466,3,1,0.6667
491,42574,3,1,0.7143
492,42731,3,1,0.75
493,42869,3,1,0.7778
494,42912,3,1,0.8
495,43062,3,1,0.8182
496,43150,3,1,0.8333
497,43238,3,1,0.8462
498,43325,3,1,0.8571
499,43433,3,1,0.8667
500,43564,3,1,0.875
501,43653,3,1,0.8824
502,43772,3,1,0.8889
503,43838,3,1,0.8947
504,43995,3,1,0.9
505,44218,4,0,0.0
506,44466,4,0,0.0
507,44590,4,1,0.3333
508,44813,4,0,0.25
509,44936,4,1,0.4
510,45107,4,0,0.3333
511,45374,4,0,0.2857
512,45479,4,1,0.375
513,45632,4,1,0.4444
514,45798,4,1,0.5
515,45880,4,1,0.5455
516,46041,4,1,0.5833
517,46238,4,1,0.6154
518,46387,4,1,0.6429
519,46486,4,1,0.6667
520,46579,4,1,0.6875
521,46692,4,1,0.7059
522,46826,4,1,0.7222
523,46998,4,0,0.6842
524,47157,4,0,0.65
525,47367,4,1,0.7
526,47533,4,1,0.75
527,47713,4,1,0.75
528,47859,4,1,0.8
529,48063,4,1,0.8
530,48193,4,1,0.85
531,48336,4,1,0.9
532,48523,4,1,0.9
533,48712,4,1,0.9
534,48845,4,1,0.9
535,48998,4,1,0.9
536,49121,4,1,0.9
537,49292,4,1,0.9
538,49416,4,1,0.9
539,49517,4,1,0.9
540,49647,4,1,0.9
541,49852,4,0,0.85
542,50002,4,1,0.85
543,50138,4,1,0.9
544,50204,4,1,0.95
545,50369,4,1,0.95
546,50517,4,1,0.95
547,50688,4,1,0.95
548,50867,4,1,0.95
549,51050,4,1,0.95
550,51194,4,1,0.95
551,51334,4,1,0.95
552,51423,4,1,0.95
553,51520,4,1,0.95
554,51646,4,1,0.95
555,51776,4,1,0.95
556,51892,4,1,0.95
557,51994,4,1,0.95
558,52114,4,1,0.95
559,52294,4,1,0.95
560,52441,4,1,0.95
561,52529,4,1,1.0
562,52689,4,1,1.0
563,52809,4,1,1.0
564,52900,4,1,1.0
565,53039,4,1,1.0
566,53223,4,1,1.0
567,53315,4,1,1.0
568,53414,4,1,1.0
569,53495,4,1,1.0
570,53636,4,1,1.0
571,53806,4,1,1.0
572,53911,4,1,1.0
573,54000,4,1,1.0
574,54045,4,1,1.0
575,54202,4,1,1.0
576,54406,4,1,1.0
577,54544,4,1,1.0
578,54630,4,1,1.0
579,54677,4,1,1.0
580,54793,4,1,1.0
581,54859,4,1,1.0
582,54969,4,1,1.0
583,55040,4,1,1.0
584,55128,4,1,1.0
585,55273,4,1,1.0
586,55376,4,1,1.0
587,55478,4,1,1.0
588,55624,4,1,1.0
589,55728,4,1,1.0
590,55805,4,1,1.0
591,55944,4,1,1.0
592,56065,4,1,1.0
593,56208,4,1,1.0
594,56335,4,1,1.0
595,56423,4,1,1.0
596,56525,4,1,1.0
597,56627,4,1,1.0
598,56724,4,1,1.0
599,56813,4,1,1.0
600,56904,4,1,1.0
601,57025,4,1,1.0
602,57102,4,1,1.0
603,57227,4,1,1.0
604,57339,4,1,1.0
605,57393,4,1,1.0
606,57498,4,1,1.0
607,57629,4,1,1.0
608,57720,4,1,1.0
609,57783,4,1,1.0
610,57853,4,1,1.0
611,57937,4,1,1.0
612,58043,4,1,1.0
613,58157,4,1,1.0
614,58270,4,1,1.0
615,58385,4,1,1.0
616,58474,4,1,1.0
617,58583,4,1,1.0
618,58693,4,1,1.0
619,58850,4,1,1.0
620,58994,4,1,1.0
621,59108,4,1,1.0
622,59221,4,1,1.0
623,59288,4,1,1.0
624,59351,4,1,1.0
625,59459,4,1,1.0
626,59561,4,1,1.0
627,59657,4,1,1.0
628,59734,4,1,1.0
629,59799,4,1,1.0
630,59916,4,1,1.0
631,59997,4,1,1.0
632,60162,4,1,1.0
633,60268,4,1,1.0
634,60404,4,1,1.0
635,60502,4,1,1.0
636,60602,4,1,1.0
637,60718,4,1,1.0
638,60778,4,1,1.0
639,60905,4,1,1.0
640,61011,4,1,1.0
641,61110,4,1,1.0
642,61232,4,1,1.0
643,61281,4,1,1.0
644,61381,4,1,1.0
645,61474,4,1,1.0
646,61553,4,1,1.0
647,61666,4,1,1.0
648,61777,4,1,1.0
649,61881,4,1,1.0
650,61959,4,1,1.0
651,62050,4,1,1.0
652,62252,4,0,0.95
653,62334,4,1,0.95
654,62406,4,1,0.95
655,62524,4,1,0.95
656,62638,4,1,0.95
657,62904,4,0,0.9
658,62994,4,1,0.9
659,63071,4,1,0.9
660,63169,4,1,0.9
661,63294,4,1,0.9
662,63492,4,1,0.9
663,63581,4,1,0.9
664,63703,4,1,0.9
665,63832,4,1,0.9
666,63984,4,1,0.9
667,64098,4,1,0.9
668,64177,4,1,0.9
669,64263,4,1,0.9
670,64328,4,1,0.9
671,64380,4,1,0.9
672,64502,4,1,0.95
673,64618,4,1,0.95
674,64695,4,1,0.95
675,64771,4,1,0.95
676,64831,4,1,0.95
677,64930,4,1,1.0
678,64991,4,1,1.0
679,65104,4,1,1.0
680,65236,4,1,1.0
681,65318,4,1,1.0
682,65400,4,1,1.0
683,65481,4,1,1.0
684,65563,4,1,1.0
685,65624,4,1,1.0
686,65827,4,0,0.95
687,65891,4,1,0.95
688,65994,4,1,0.95
689,66052,4,1,0.95
690,66149,4,1,0.95
691,66223,4,1,0.95
692,66292,4,1,0.95
693,66402,4,1,0.95
694,66488,4,1,0.95
695,66581,4,1,0.95
696,66689,4,1,0.95
697,66831,4,1,0.95
698,66896,4,1,0.95
699,66982,4,1,0.95
700,67090,4,1,0.95
701,67175,4,1,0.95
702,67258,4,1,0.95
703,67394,4,1,0.95
704,67519,4,1,0.95
705,67573,4,1,0.95
706,67649,4,1,1.0
707,67722,4,1,1.0
708,67810,4,1,1.0
709,67899,4,1,1.0
710,68025,4,1,1.0
711,68102,4,1,1.0
712,68216,4,1,1.0
713,68383,4,1,1.0
714,68424,4,1,1.0
715,68514,4,1,1.0
716,68608,4,1,1.0
717,68680,4,1,1.0
718,68732,4,1,1.0
719,68840,4,1,1.0
720,68923,4,1,1.0
721,68988,4,1,1.0
722,69062,4,1,1.0
723,69138,4,1,1.0
724,69255,4,1,1.0
725,69332,4,1,1.0
726,69418,4,1,1.0
727,69541,4,1,1.0
728,69626,4,1,1.0
729,69714,4,1,1.0
730,69767,4,1,1.0
731,69855,4,1,1.0
732,69912,4,1,1.0
733,70003,4,1,1.0
734,70082,4,1,1.0
735,70184,4,1,1.0
736,70257,4,1,1.0
737,70319,4,1,1.0
738,70380,4,1,1.0
739,70490,4,1,1.0
740,70565,4,1,1.0
741,70657,4,1,1.0
742,70752,4,1,1.0
743,70827,4,1,1.0
744,70890,4,1,1.0
745,70978,4,1,1.0
746,71053,4,1,1.0
747,71151,4,1,1.0
748,71223,4,1,1.0
749,71312,4,1,1.0
750,71393,4,1,1.0
751,71515,4,1,1.0
752,71612,4,1,1.0
753,71706,4,1,1.0
754,71830,4,1,1.0
755,71901,4,1,1.0
756,71949,4,1,1.0
757,72026,4,1,1.0
758,72149,4,1,1.0
759,72215,4,1,1.0
760,72288,4,1,1.0
761,72359,4,1,1.0
762,72422,4,1,1.0
763,72489,4,1,1.0
764,72569,4,1,1.0
765,72634,4,1,1.0
766,72697,4,1,1.0
767,72759,4,1,1.0
768,72853,4,1,1.0
769,72937,4,1,1.0
770,73015,4,1,1.0
771,73082,4,1,1.0
772,73124,4,1,1.0
773,73219,4,1,1.0
774,73302,4,1,1.0
775,73352,4,1,1.0
776,73401,4,1,1.0
777,73459,4,1,1.0
778,73558,4,1,1.0
779,73637,4,1,1.0
780,73698,4,1,1.0
781,73750,4,1,1.0
782,73822,4,1,1.0
783,73875,4,1,1.0
784,73944,4,1,1.0
785,74045,4,1,1.0
786,74112,4,1,1.0
787,74195,4,1,1.0
788,74239,4,1,1.0
789,74303,4,1,1.0
790,74370,4,1,1.0
791,74453,4,1,1.0
792,74518,4,1,1.0
793,74581,4,1,1.0
794,74679,4,1,1.0
795,74760,4,1,1.0
796,74824,4,1,1.0
797,74909,4,1,1.0
798,75053,4,1,1.0
799,75110,4,1,1.0
800,75172,4,1,1.0
801,75281,4,1,1.0
802,75343,4,1,1.0
803,75419,4,1,1.0
804,75512,4,1,1.0
805,75569,4,1,1.0
806,75623,4,1,1.0
807,75672,4,1,1.0
808,75719,4,1,1.0
809,75809,4,1,1.0
810,75892,4,1,1.0
811,75956,4,1,1.0
812,76010,4,1,1.0
813,76121,4,1,1.0
814,76194,4,1,1.0
815,76285,4,1,1.0
816,76332,4,1,1.0
817,76413,4,1,1.0
818,76480,4,1,1.0
819,76576,4,1,1.0
820,76643,4,1,1.0
821,76710,4,1,1.0
822,76770,4,1,1.0
823,76828,4,1,1.0
824,76903,4,1,1.0
825,76981,4,1,1.0
826,77062,4,1,1.0
827,77131,4,1,1.0
828,77236,4,1,1.0
829,77315,4,1,1.0
830,77375,4,1,1.0
831,77422,4,1,1.0
832,77504,4,1,1.0
833,77542,4,1,1.0
834,77634,4,1,1.0
835,77686,4,1,1.0
836,77769,4,1,1.0
837,77880,4,1,1.0
838,77945,4,1,1.0
839,78021,4,1,1.0
840,78099,4,1,1.0
841,78169,4,1,1.0
842,78260,4,1,1.0
843,78348,4,1,1.0
844,78454,4,1,1.0
845,78526,4,1,1.0
846,78622,4,1,1.0
847,78709,4,1,1.0
848,78799,4,1,1.0
849,78857,4,1,1.0
850,78911,4,1,1.0
851,78968,4,1,1.0
852,79004,4,1,1.0
853,79058,4,1,1.0
854,79159,4,1,1.0
855,79231,4,1,1.0
856,79310,4,1,1.0
857,79383,4,1,1.0
858,79433,4,1,1.0
859,79525,4,1,1.0
860,79580,4,1,1.0
861,79667,4,1,1.0
862,79742,4,1,1.0
863,79817,4,1,1.0
864,79890,4,1,1.0
865,79958,4,1,1.0
866,80043,4,1,1.0
867,80096,4,1,1.0
868,80146,4,1,1.0
869,80197,4,1,1.0
870,80247,4,1,1.0
871,80315,4,1,1.0
872,80396,4,1,1.0
873,80452,4,1,1.0
874,80524,4,1,1.0
875,80579,4,1,1.0
876,80629,4,1,1.0
877,80687,4,1,1.0
878,80740,4,1,1.0
879,80787,4,1,1.0
880,80837,4,1,1.0
881,80894,4,1,1.0
882,80953,4,1,1.0
883,81001,4,1,1.0
884,81097,4,1,1.0
885,81176,4,1,1.0
886,81233,4,1,1.0
887,81297,4,1,1.0
888,81355,4,1,1.0
889,81413,4,1,1.0
890,81474,4,1,1.0
891,81547,4,1,1.0
892,81604,4,1,1.0
893,81672,4,1,1.0
894,81750,4,1,1.0
895,81816,4,1,1.0
896,81889,4,1,1.0
897,81961,4,1,1.0
898,82010,4,1,1.0
899,82055,4,1,1.0
900,82177,4,1,1.0
901,82271,4,1,1.0
902,82344,4,1,1.0
903,82415,4,1,1.0
904,82452,4,1,1.0
905,82510,4,1,1.0
906,82583,4,1,1.0
907,82637,4,1,1.0
908,82710,4,1,1.0
909,82785,4,1,1.0
910,82860,4,1,1.0
911,82914,4,1,1.0
912,82982,4,1,1.0
913,83041,4,1,1.0
914,83102,4,1,1.0
915,83166,4,1,1.0
916,83226,4,1,1.0
917,83277,4,1,1.0
918,83337,4,1,1.0
919,83412,4,1,1.0
920,83472,4,1,1.0
921,83539,4,1,1.0
922,83611,4,1,1.0
923,83669,4,1,1.0
924,83732,4,1,1.0
925,83780,4,1,1.0
926,83827,4,1,1.0
927,83862,4,1,1.0
928,83932,4,1,1.0
929,83984,4,1,1.0
930,84075,4,1,1.0
931,84168,4,1,1.0
932,84236,4,1,1.0
933,84298,4,1,1.0
934,84364,4,1,1.0
935,84451,4,1,1.0
936,84520,4,1,1.0
937,84583,4,1,1.0
938,84639,4,1,1.0
939,84678,4,1,1.0
940,84748,4,1,1.0
941,84805,4,1,1.0
942,84869,4,1,1.0
943,84915,4,1,1.0
944,84973,4,1,1.0
945,85040,4,1,1.0
946,85120,4,1,1.0
947,85208,4,1,1.0
948,85306,4,1,1.0
949,85367,4,1,1.0
950,85399,4,1,1.0
951,85433,4,1,1.0
952,85484,4,1,1.0
953,85541,4,1,1.0
954,85609,4,1,1.0
955,85705,4,1,1.0
956,85743,4,1,1.0
957,85810,4,1,1.0
958,85869,4,1,1.0
959,85941,4,1,1.0
960,85991,4,1,1.0
961,86047,4,1,1.0
962,86119,4,1,1.0
963,86232,4,1,1.0
964,86296,4,1,1.0
965,86351,4,1,1.0
966,86392,4,1,1.0
967,86430,4,1,1.0
968,86490,4,1,1.0
969,86602,4,1,1.0
970,86658,4,1,1.0
971,86722,4,1,1.0
972,86782,4,1,1.0
973,86839,4,1,1.0
974,86893,4,1,1.0
975,86954,4,1,1.0
976,87013,4,1,1.0
977,87066,4,1,1.0
978,87129,4,1,1.0
979,87193,4,1,1.0
980,87249,4,1,1.0
981,87316,4,1,1.0
982,87371,4,1,1.0
983,87416,4,1,1.0
984,87472,4,1,1.0
985,87528,4,1,1.0
986,87616,4,1,1.0
987,87693,4,1,1.0
988,87747,4,1,1.0
989,87836,4,1,1.0
990,87895,4,1,1.0
991,87967,4,1,1.0
992,88006,4,1,1.0
993,88055,4,1,1.0
994,88113,4,1,1.0
995,88162,4,1,1.0
996,88223,4,1,1.0
997,88278,4,1,1.0
998,88347,4,1,1.0
999,88390,4,1,1.0
1000,88440,4,1,1.0
1001,88521,4,1,1.0
1002,88657,4,1,1.0
1003,88704,4,1,1.0
1004,88764,4,1,1.0
1005,88825,4,1,1.0
1006,88870,4,1,1.0
1007,88934,4,1,1.0
1008,88988,4,1,1.0
1009,89039,4,1,1.0
1010,89099,4,1,1.0
1011,89183,4,1,1.0
1012,89218,4,1,1.0
1013,89274,4,1,1.0
1014,89344,4,1,1.0
1015,89409,4,1,1.0
1016,89467,4,1,1.0
1017,89505,4,1,1.0
1018,89568,4,1,1.0
1019,89645,4,1,1.0
1020,89697,4,1,1.0
1021,89737,4,1,1.0
1022,89781,4,1,1.0
1023,89838,4,1,1.0
1024,89877,4,1,1.0
1025,89930,4,1,1.0
1026,89974,4,1,1.0
1027,90048,4,1,1.0
1028,90138,4,1,1.0
1029,90183,4,1,1.0
1030,90239,4,1,1.0
1031,90303,4,1,1.0
1032,90348,4,1,1.0
1033,90401,4,1,1.0
1034,90482,4,1,1.0
1035,90551,4,1,1.0
1036,90618,4,1,1.0
1037,90701,4,1,1.0
1038,90747,4,1,1.0
1039,90805,4,1,1.0
1040,90853,4,1,1.0
1041,90900,4,1,1.0
1042,90947,4,1,1.0
1043,91003,4,1,1.0
1044,91087,4,1,1.0
1045,91132,4,1,1.0
1046,91211,4,1,1.0
1047,91248,4,1,1.0
1048,91314,4,1,1.0
1049,91362,4,1,1.0
1050,91420,4,1,1.0
1051,91466,4,1,1.0
1052,91527,4,1,1.0
1053,91592,4,1,1.0
1054,91634,4,1,1.0
1055,91688,4,1,1.0
1056,91734,4,1,1.0
1057,91778,4,1,1.0
1058,91850,4,1,1.0
1059,91892,4,1,1.0
1060,91991,4,1,1.0
1061,92071,4,1,1.0
1062,92129,4,1,1.0
1063,92198,4,1,1.0
1064,92246,4,1,1.0
1065,92310,4,1,1.0
1066,92365,4,1,1.0
1067,92424,4,1,1.0
1068,92464,4,1,1.0
1069,92521,4,1,1.0
1070,92577,4,1,1.0
1071,92639,4,1,1.0
1072,92688,4,1,1.0
1073,92775,4,1,1.0
1074,92824,4,1,1.0
1075,92873,4,1,1.0
1076,92940,4,1,1.0
1077,93030,4,1,1.0
1078,93109,4,1,1.0
1079,93177,4,1,1.0
1080,93228,4,1,1.0
1081,93264,4,1,1.0
1082,93326,4,1,1.0
1083,93381,4,1,1.0
1084,93423,4,1,1.0
1085,93507,4,1,1.0
1086,93586,4,1,1.0
1087,93632,4,1,1.0
1088,93695,4,1,1.0
1089,93740,4,1,1.0
1090,93811,4,1,1.0
1091,93887,4,1,1.0
1092,93931,4,1,1.0
1093,93972,4,1,1.0
1094,94036,4,1,1.0
1095,94090,4,1,1.0
1096,94146,4,1,1.0
1097,94231,4,1,1.0
1098,94316,4,1,1.0
1099,94399,4,1,1.0
1100,94455,4,1,1.0
1101,94506,4,1,1.0
1102,94578,4,1,1.0
1103,94624,4,1,1.0
1104,94677,4,1,1.0
1105,94734,4,1,1.0
1106,94797,4,1,1.0
1107,94864,4,1,1.0
1108,94921,4,1,1.0
1109,95004,4,1,1.0
1110,95063,4,1,1.0
1111,95108,4,1,1.0
1112,95182,4,1,1.0
1113,95257,4,1,1.0
1114,95319,4,1,1.0
1115,95369,4,1,1.0
1116,95417,4,1,1.0
1117,95460,4,1,1.0
1118,95514,4,1,1.0
1119,95583,4,1,1.0
1120,95626,4,1,1.0
1121,95680,4,1,1.0
1122,95748,4,1,1.0
1123,95813,4,1,1.0
1124,95850,4,1,1.0
1125,95896,4,1,1.0
1126,95950,4,1,1.0
1127,96011,4,1,1.0
1128,96051,4,1,1.0
1129,96100,4,1,1.0
1130,96151,4,1,1.0
1131,96212,4,1,1.0
1132,96305,4,1,1.0
1133,96355,4,1,1.0
1134,96392,4,1,1.0
1135,96446,4,1,1.0
1136,96480,4,1,1.0
1137,96526,4,1,1.0
1138,96575,4,1,1.0
1139,96611,4,1,1.0
1140,96657,4,1,1.0
1141,96733,4,1,1.0
1142,96764,4,1,1.0
1143,96836,4,1,1.0
1144,96891,4,1,1.0
1145,96950,4,1,1.0
1146,97007,4,1,1.0
1147,97062,4,1,1.0
1148,97100,4,1,1.0
1149,97150,4,1,1.0
1150,97216,4,1,1.0
1151,97268,4,1,1.0
1152,97324,4,1,1.0
1153,97382,4,1,1.0
1154,97435,4,1,1.0
1155,97489,4,1,1.0
1156,97557,4,1,1.0
1157,97613,4,1,1.0
1158,97680,4,1,1.0
1159,97730,4,1,1.0
1160,97767,4,1,1.0
1161,97826,4,1,1.0
1162,97894,4,1,1.0
1163,97947,4,1,1.0
1164,97995,4,1,1.0
1165,98043,4,1,1.0
1166,98102,4,1,1.0
1167,98150,4,1,1.0
1168,98202,4,1,1.0
1169,98267,4,1,1.0
1170,98311,4,1,1.0
1171,98371,4,1,1.0
1172,98436,4,1,1.0
1173,98508,4,1,1.0
1174,98548,4,1,1.0
1175,98592,4,1,1.0
1176,98666,4,1,1.0
1177,98705,4,1,1.0
1178,98762,4,1,1.0
1179,98797,4,1,1.0
1180,98849,4,1,1.0
1181,98905,4,1,1.0
1182,98957,4,1,1.0
1183,99005,4,1,1.0
1184,99050,4,1,1.0
1185,99104,4,1,1.0
1186,99159,4,1,1.0
1187,99214,4,1,1.0
1188,99283,4,1,1.0
1189,99351,4,1,1.0
1190,99409,4,1,1.0
1191,99463,4,1,1.0
1192,99519,4,1,1.0
1193,99576,4,1,1.0
1194,99693,4,1,1.0
1195,99742,4,1,1.0
1196,99793,4,1,1.0
1197,99850,4,1,1.0
1198,99906,4,1,1.0
1199,99967,4,1,1.0
1200,100023,4,1,1.0
1201,100072,4,1,1.0
1202,100118,4,1,1.0
1203,100187,4,1,1.0
1204,100246,4,1,1.0
1205,100286,4,1,1.0
1206,100356,4,1,1.0
1207,100420,4,1,1.0
1208,100478,4,1,1.0
1209,100522,4,1,1.0
1210,100569,4,1,1.0
1211,100649,4,1,1.0
1212,100702,4,1,1.0
1213,100768,4,1,1.0
1214,100809,4,1,1.0
1215,100865,4,1,1.0
1216,100903,4,1,1.0
1217,100956,4,1,1.0
1218,101016,4,1,1.0
1219,101074,4,1,1.0
1220,101142,4,1,1.0
1221,101193,4,1,1.0
1222,101244,4,1,1.0
1223,101286,4,1,1.0
1224,101339,4,1,1.0
1225,101396,4,1,1.0
1226,101440,4,1,1.0
1227,101498,4,1,1.0
1228,101556,4,1,1.0
1229,101603,4,1,1.0
1230,101649,4,1,1.0
1231,101728,4,1,1.0
1232,101778,4,1,1.0
1233,101843,4,1,1.0
1234,101891,4,1,1.0
1235,101937,4,1,1.0
1236,102001,4,1,1.0
1237,102048,4,1,1.0
1238,102101,4,1,1.0
1239,102169,4,1,1.0
1240,102226,4,1,1.0
1241,102262,4,1,1.0
1242,102322,4,1,1.0
1243,102375,4,1,1.0
1244,102431,4,1,1.0
1245,102465,4,1,1.0
1246,102511,4,1,1.0
1247,102572,4,1,1.0
1248,102622,4,1,1.0
1249,102665,4,1,1.0
1250,102733,4,1,1.0
1251,102810,4,1,1.0
1252,102902,4,1,1.0
1253,102966,4,1,1.0
1254,103037,4,1,1.0
1255,103106,4,1,1.0
1256,103175,4,1,1.0
1257,103255,4,1,1.0
1258,103305,4,1,1.0
1259,103349,4,1,1.0
1260,103408,4,1,1.0
1261,103461,4,1,1.0
1262,103503,4,1,1.0
1263,103563,4,1,1.0
1264,103601,4,1,1.0
1265,103643,4,1,1.0
1266,103673,4,1,1.0
1267,103717,4,1,1.0
1268,103805,4,1,1.0
1269,103862,4,1,1.0
1270,103933,4,1,1.0
1271,103969,4,1,1.0
1272,104022,4,1,1.0
1273,104079,4,1,1.0
1274,104138,4,1,1.0
1275,104184,4,1,1.0
1276,104242,4,1,1.0
1277,104319,4,1,1.0
1278,104389,4,1,1.0
1279,104435,4,1,1.0
1280,104478,4,1,1.0
1281,104533,4,1,1.0
1282,104583,4,1,1.0
1283,104652,4,1,1.0
1284,104713,4,1,1.0
1285,104790,4,1,1.0
1286,104845,4,1,1.0
1287,104893,4,1,1.0
1288,104933,4,1,1.0
1289,105005,4,1,1.0
1290,105038,4,1,1.0
1291,105087,4,1,1.0
1292,105131,4,1,1.0
1293,105198,4,1,1.0
1294,105244,4,1,1.0
1295,105297,4,1,1.0
1296,105342,4,1,1.0
1297,105416,4,1,1.0
1298,105479,4,1,1.0
1299,105526,4,1,1.0
1300,105559,4,1,1.0
1301,105654,4,1,1.0
1302,105759,4,1,1.0
1303,105801,4,1,1.0
1304,105858,4,1,1.0
1305,105951,4,1,1.0
1306,105994,4,1,1.0
1307,106036,4,1,1.0
1308,106095,4,1,1.0
1309,106135,4,1,1.0
1310,106238,4,1,1.0
1311,106284,4,1,1.0
1312,106332,4,1,1.0
1313,106384,4,1,1.0
1314,106448,4,1,1.0
1315,106551,4,1,1.0
1316,106614,4,1,1.0
1317,106680,4,1,1.0
1318,106734,4,1,1.0
1319,106778,4,1,1.0
1320,106828,4,1,1.0
1321,106882,4,1,1.0
1322,106967,4,1,1.0
1323,107042,4,1,1.0
1324,107110,4,1,1.0
1325,107184,4,1,1.0
1326,107264,4,1,1.0
1327,107311,4,1,1.0
1328,107361,4,1,1.0
1329,107402,4,1,1.0
1330,107489,4,1,1.0
1331,107534,4,1,1.0
1332,107591,4,1,1.0
1333,107661,4,1,1.0
1334,107722,4,1,1.0
1335,107778,4,1,1.0
1336,107860,4,1,1.0
1337,107928,4,1,1.0
1338,108002,4,1,1.0
1339,108034,4,1,1.0
1340,108070,4,1,1.0
1341,108121,4,1,1.0
1342,108163,4,1,1.0
1343,108221,4,1,1.0
1344,108263,4,1,1.0
1345,108318,4,1,1.0
1346,108387,4,1,1.0
1347,108432,4,1,1.0
1348,108519,4,1,1.0
1349,108571,4,1,1.0
1350,108649,4,1,1.0
1351,108726,4,1,1.0
1352,108759,4,1,1.0
1353,108835,4,1,1.0
1354,108895,4,1,1.0
1355,108949,4,1,1.0
1356,109011,4,1,1.0
1357,109050,4,1,1.0
1358,109139,4,1,1.0
1359,109182,4,1,1.0
1360,109255,4,1,1.0
1361,109293,4,1,1.0
1362,109365,4,1,1.0
1363,109443,4,1,1.0
1364,109479,4,1,1.0
1365,109562,4,1,1.0
1366,109627,4,1,1.0
1367,109674,4,1,1.0
1368,109718,4,1,1.0
1369,109768,4,1,1.0
1370,109833,4,1,1.0
1371,109877,4,1,1.0
1372,109913,4,1,1.0
1373,109962,4,1,1.0
1374,110020,4,1,1.0
1375,110068,4,1,1.0
1376,110099,4,1,1.0
1377,110173,4,1,1.0
1378,110223,4,1,1.0
1379,110266,4,1,1.0
1380,110305,4,1,1.0
1381,110369,4,1,1.0
1382,110399,4,1,1.0
1383,110445,4,1,1.0
1384,110514,4,1,1.0
1385,110556,4,1,1.0
1386,110590,4,1,1.0
1387,110623,4,1,1.0
1388,110671,4,1,1.0
1389,110724,4,1,1.0
1390,110778,4,1,1.0
1391,110835,4,1,1.0
1392,110866,4,1,1.0
1393,110928,4,1,1.0
1394,110979,4,1,1.0
1395,111049,4,1,1.0
1396,111109,4,1,1.0
1397,111144,4,1,1.0
1398,111188,4,1,1.0
1399,111253,4,1,1.0
1400,111311,4,1,1.0
1401,111368,4,1,1.0
1402,111429,4,1,1.0
1403,111492,4,1,1.0
1404,111549,4,1,1.0
1405,111608,4,1,1.0
1406,111687,4,1,1.0
1407,111738,4,1,1.0
1408,111792,4,1,1.0
1409,111842,4,1,1.0
1410,111906,4,1,1.0
1411,111951,4,1,1.0
1412,112006,4,1,1.0
1413,112066,4,1,1.0
1414,112105,4,1,1.0
1415,112165,4,1,1.0
1416,112241,4,1,1.0
1417,112313,4,1,1.0
1418,112378,4,1,1.0
1419,112426,4,1,1.0
1420,112478,4,1,1.0
1421,112582,4,1,1.0
1422,112640,4,1,1.0
1423,112699,4,1,1.0
1424,112747,4,1,1.0
1425,112815,4,1,1.0
1426,112883,4,1,1.0
1427,112936,4,1,1.0
1428,112993,4,1,1.0
1429,113045,4,1,1.0
1430,113102,4,1,1.0
1431,113158,4,1,1.0
1432,113224,4,1,1.0
1433,113283,4,1,1.0
1434,113337,4,1,1.0
1435,113376,4,1,1.0
1436,113441,4,1,1.0
1437,113479,4,1,1.0
1438,113546,4,1,1.0
1439,113592,4,1,1.0
1440,113636,4,1,1.0
1441,113718,4,1,1.0
1442,113752,4,1,1.0
1443,113794,4,1,1.0
1444,113856,4,1,1.0
1445,113898,4,1,1.0
1446,113956,4,1,1.0
1447,114039,4,1,1.0
1448,114103,4,1,1.0
1449,114153,4,1,1.0
1450,114197,4,1,1.0
1451,114252,4,1,1.0
1452,114306,4,1,1.0
1453,114358,4,1,1.0
1454,114431,4,1,1.0
1455,114496,4,1,1.0
1456,114560,4,1,1.0
1457,114610,4,1,1.0
1458,114644,4,1,1.0
1459,114690,4,1,1.0
1460,114746,4,1,1.0
1461,114787,4,1,1.0
1462,114831,4,1,1.0
1463,114882,4,1,1.0
1464,114927,4,1,1.0
1465,114968,4,1,1.0
1466,115042,4,1,1.0
1467,115095,4,1,1.0
1468,115136,4,1,1.0
1469,115213,4,1,1.0
1470,115275,4,1,1.0
1471,115317,4,1,1.0
1472,115357,4,1,1.0
1473,115443,4,1,1.0
1474,115489,4,1,1.0
1475,115538,4,1,1.0
1476,115582,4,1,1.0
1477,115642,4,1,1.0
1478,115680,4,1,1.0
1479,115730,4,1,1.0
1480,115785,4,1,1.0
1481,115824,4,1,1.0
1482,115886,4,1,1.0
1483,115928,4,1,1.0
1484,115965,4,1,1.0
1485,116014,4,1,1.0
1486,116053,4,1,1.0
1487,116106,4,1,1.0
1488,116151,4,1,1.0
1489,116207,4,1,1.0
1490,116260,4,1,1.0
1491,116289,4,1,1.0
1492,116328,4,1,1.0
1493,116389,4,1,1.0
1494,116435,4,1,1.0
1495,116485,4,1,1.0
1496,116534,4,1,1.0
1497,116579,4,1,1.0
1498,116636,4,1,1.0
1499,116672,4,1,1.0
1500,116727,4,1,1.0
1501,116800,4,1,1.0
1502,116842,4,1,1.0
1503,116898,4,1,1.0
1504,116947,4,1,1.0
1505,116988,4,1,1.0
1506,117056,4,1,1.0
1507,117132,4,1,1.0
1508,117172,4,1,1.0
1509,117220,4,1,1.0
1510,117257,4,1,1.0
1511,117329,4,1,1.0
1512,117370,4,1,1.0
1513,117436,4,1,1.0
1514,117499,4,1,1.0
1515,117549,4,1,1.0
1516,117600,4,1,1.0
1517,117653,4,1,1.0
1518,117712,4,1,1.0
1519,117779,4,1,1.0
1520,117824,4,1,1.0
1521,117874,4,1,1.0
1522,117923,4,1,1.0
1523,117976,4,1,1.0
1524,118009,4,1,1.0
1525,118065,4,1,1.0
1526,118111,4,1,1.0
1527,118159,4,1,1.0
1528,118205,4,1,1.0
1529,118275,4,1,1.0
1530,118339,4,1,1.0
1531,118390,4,1,1.0
1532,118452,4,1,1.0
1533,118482,4,1,1.0
1534,118522,4,1,1.0
1535,118575,4,1,1.0
1536,118615,4,1,1.0
1537,118646,4,1,1.0
1538,118700,4,1,1.0
1539,118751,4,1,1.0
1540,118787,4,1,1.0
1541,118841,4,1,1.0
1542,118880,4,1,1.0
1543,118925,4,1,1.0
1544,118971,4,1,1.0
1545,119015,4,1,1.0
1546,119048,4,1,1.0
1547,119088,4,1,1.0
1548,119226,4,1,1.0
1549,119273,4,1,1.0
1550,119344,4,1,1.0
1551,119415,4,1,1.0
1552,119468,4,1,1.0
1553,119547,4,1,1.0
1554,119598,4,1,1.0
1555,119667,4,1,1.0
1556,119740,4,1,1.0
1557,119803,4,1,1.0
1558,119884,4,1,1.0
1559,119929,4,1,1.0
1560,119963,4,1,1.0
1561,120018,4,1,1.0
1562,120068,4,1,1.0
1563,120156,4,1,1.0
1564,120196,4,1,1.0
1565,120255,4,1,1.0
1566,120305,4,1,1.0
1567,120354,4,1,1.0
1568,120405,4,1,1.0
1569,120469,4,1,1.0
1570,120517,4,1,1.0
1571,120579,4,1,1.0
1572,120621,4,1,1.0
1573,120682,4,1,1.0
1574,120730,4,1,1.0
1575,120759,4,1,1.0
1576,120822,4,1,1.0
1577,120858,4,1,1.0
1578,120903,4,1,1.0
1579,120936,4,1,1.0
1580,120990,4,1,1.0
1581,121034,4,1,1.0
1582,121069,4,1,1.0
1583,121126,4,1,1.0
1584,121156,4,1,1.0
1585,121196,4,1,1.0
1586,121285,4,1,1.0
1587,121342,4,1,1.0
1588,121384,4,1,1.0
1589,121431,4,1,1.0
1590,121473,4,1,1.0
1591,121531,4,1,1.0
1592,121594,4,1,1.0
1593,121643,4,1,1.0
1594,121716,4,1,1.0
1595,121768,4,1,1.0
1596,121822,4,1,1.0
1597,121862,4,1,1.0
1598,121908,4,1,1.0
1599,121963,4,1,1.0
1600,122052,4,1,1.0
1601,122094,4,1,1.0
1602,122144,4,1,1.0
1603,122189,4,1,1.0
1604,122237,4,1,1.0
1605,122286,4,1,1.0
1606,122346,4,1,1.0
1607,122384,4,1,1.0
1608,122424,4,1,1.0
1609,122454,4,1,1.0
1610,122495,4,1,1.0
1611,122546,4,1,1.0
1612,122593,4,1,1.0
1613,122637,4,1,1.0
1614,122689,4,1,1.0
1615,122747,4,1,1.0
1616,122794,4,1,1.0
1617,122840,4,1,1.0
1618,122891,4,1,1.0
1619,122927,4,1,1.0
1620,122960,4,1,1.0
1621,123018,4,1,1.0
1622,123059,4,1,1.0
1623,123108,4,1,1.0
1624,123157,4,1,1.0
1625,123205,4,1,1.0
1626,123254,4,1,1.0
1627,123287,4,1,1.0
1628,123348,4,1,1.0
1629,123402,4,1,1.0
1630,123473,4,1,1.0
1631,123539,4,1,1.0
1632,123603,4,1,1.0
1633,123657,4,1,1.0
1634,123698,4,1,1.0
1635,123750,4,1,1.0
1636,123799,4,1,1.0
1637,123834,4,1,1.0
1638,123879,4,1,1.0
1639,123925,4,1,1.0
1640,123992,4,1,1.0
1641,124050,4,1,1.0
1642,124092,4,1,1.0
1643,124171,4,1,1.0
1644,124223,4,1,1.0
1645,124292,4,1,1.0
1646,124341,4,1,1.0
1647,124381,4,1,1.0
1648,124429,4,1,1.0
1649,124522,4,1,1.0
1650,124568,4,1,1.0
1651,124640,4,1,1.0
1652,124741,4,1,1.0
1653,124786,4,1,1.0
1654,124837,4,1,1.0
1655,124882,4,1,1.0
1656,124930,4,1,1.0
1657,124970,4,1,1.0
1658,125004,4,1,1.0
1659,125051,4,1,1.0
1660,125098,4,1,1.0
1661,125136,4,1,1.0
1662,125178,4,1,1.0
1663,125228,4,1,1.0
1664,125290,4,1,1.0
1665,125338,4,1,1.0
1666,125386,4,1,1.0
1667,125429,4,1,1.0
1668,125498,4,1,1.0
1669,125530,4,1,1.0
1670,125581,4,1,1.0
1671,125625,4,1,1.0
1672,125676,4,1,1.0
1673,125719,4,1,1.0
1674,125763,4,1,1.0
1675,125812,4,1,1.0
1676,125879,4,1,1.0
1677,125927,4,1,1.0
1678,125974,4,1,1.0
1679,126020,4,1,1.0
1680,126064,4,1,1.0
1681,126107,4,1,1.0
1682,126176,4,1,1.0
1683,126223,4,1,1.0
1684,126260,4,1,1.0
1685,126324,4,1,1.0
1686,126361,4,1,1.0
1687,126409,4,1,1.0
1688,126467,4,1,1.0
1689,126517,4,1,1.0
1690,126559,4,1,1.0
1691,126614,4,1,1.0
1692,126661,4,1,1.0
1693,126715,4,1,1.0
1694,126789,4,1,1.0
1695,126829,4,1,1.0
1696,126867,4,1,1.0
1697,126928,4,1,1.0
1698,126975,4,1,1.0
1699,127026,4,1,1.0
1700,127080,4,1,1.0
1701,127134,4,1,1.0
1702,127230,4,1,1.0
1703,127300,4,1,1.0
1704,127354,4,1,1.0
1705,127400,4,1,1.0
1706,127464,4,1,1.0
1707,127505,4,1,1.0
1708,127563,4,1,1.0
1709,127593,4,1,1.0
1710,127632,4,1,1.0
1711,127672,4,1,1.0
1712,127727,4,1,1.0
1713,127781,4,1,1.0
1714,127829,4,1,1.0
1715,127870,4,1,1.0
1716,127933,4,1,1.0
1717,127986,4,1,1.0
1718,128034,4,1,1.0
1719,128074,4,1,1.0
1720,128143,4,1,1.0
1721,128196,4,1,1.0
1722,128249,4,1,1.0
1723,128318,4,1,1.0
1724,128351,4,1,1.0
1725,128435,4,1,1.0
1726,128473,4,1,1.0
1727,128525,4,1,1.0
1728,128591,4,1,1.0
1729,128641,4,1,1.0
1730,128707,4,1,1.0
1731,128802,4,1,1.0
1732,128856,4,1,1.0
1733,128913,4,1,1.0
1734,128978,4,1,1.0
1735,129047,4,1,1.0
1736,129108,4,1,1.0
1737,129157,4,1,1.0
1738,129202,4,1,1.0
1739,129228,4,1,1.0
1740,129262,4,1,1.0
1741,129309,4,1,1.0
1742,129358,4,1,1.0
1743,129388,4,1,1.0
1744,129431,4,1,1.0
1745,129493,4,1,1.0
1746,129547,4,1,1.0
1747,129590,4,1,1.0
1748,129644,4,1,1.0
1749,129706,4,1,1.0
1750,129757,4,1,1.0
1751,129797,4,1,1.0
1752,129852,4,1,1.0
1753,129906,4,1,1.0
1754,129974,4,1,1.0
1755,130015,4,1,1.0
1756,130059,4,1,1.0
1757,130153,4,1,1.0
1758,130192,4,1,1.0
1759,130242,4,1,1.0
1760,130293,4,1,1.0
1761,130338,4,1,1.0
1762,130389,4,1,1.0
1763,130428,4,1,1.0
1764,130480,4,1,1.0
1765,130553,4,0,0.95
1766,130614,4,1,0.95
1767,130677,4,1,0.95
1768,130728,4,1,0.95
1769,130776,4,1,0.95
1770,130833,4,1,0.95
1771,130920,4,1,0.95
1772,130983,4,1,0.95
1773,131033,4,1,0.95
1774,131084,4,1,0.95
1775,131129,4,1,0.95
1776,131184,4,1,0.95
1777,131239,4,1,0.95
1778,131307,4,1,0.95
1779,131366,4,1,0.95
1780,131418,4,1,0.95
1781,131452,4,1,0.95
1782,131498,4,1,0.95
1783,131549,4,1,0.95
1784,131614,4,1,0.95
1785,131648,4,1,1.0
1786,131696,4,1,1.0
1787,131736,4,1,1.0
1788,131801,4,1,1.0
1789,131840,4,1,1.0
1790,131918,4,1,1.0
1791,131959,4,1,1.0
1792,132019,4,1,1.0
1793,132074,4,1,1.0
1794,132131,4,1,1.0
1795,132173,4,1,1.0
1796,132217,4,1,1.0
1797,132276,4,1,1.0
1798,132319,4,1,1.0
1799,132390,4,1,1.0
1800,132446,4,1,1.0
1801,132489,4,1,1.0
1802,132535,4,1,1.0
1803,132588,4,1,1.0
1804,132631,4,1,1.0
1805,132689,4,1,1.0
1806,132758,4,1,1.0
1807,132806,4,1,1.0
1808,132851,4,1,1.0
1809,132902,4,1,1.0
1810,132949,4,1,1.0
1811,132991,4,1,1.0
1812,133055,4,1,1.0
1813,133101,4,1,1.0
1814,133153,4,1,1.0
1815,133185,4,1,1.0
1816,133237,4,1,1.0
1817,133308,4,1,1.0
1818,133340,4,1,1.0
1819,133413,4,1,1.0
1820,133464,4,1,1.0
1821,133511,4,1,1.0
1822,133574,4,1,1.0
1823,133621,4,1,1.0
1824,133661,4,1,1.0
1825,133703,4,1,1.0
1826,133740,4,1,1.0
1827,133781,4,1,1.0
1828,133836,4,1,1.0
1829,133883,4,1,1.0
1830,133939,4,1,1.0
1831,133974,4,1,1.0
1832,134035,4,1,1.0
1833,134086,4,1,1.0
1834,134125,4,1,1.0
1835,134184,4,1,1.0
1836,134248,4,1,1.0
1837,134299,4,1,1.0
1838,134353,4,1,1.0
1839,134418,4,1,1.0
1840,134449,4,1,1.0
1841,134505,4,1,1.0
1842,134554,4,1,1.0
1843,134619,4,1,1.0
1844,134664,4,1,1.0
1845,134701,4,1,1.0
1846,134753,4,1,1.0
1847,134799,4,1,1.0
1848,134851,4,1,1.0
1849,134894,4,1,1.0
1850,134965,4,1,1.0
1851,135019,4,1,1.0
1852,135059,4,1,1.0
1853,135107,4,1,1.0
1854,135153,4,1,1.0
1855,135198,4,1,1.0
1856,135243,4,1,1.0
1857,135303,4,1,1.0
1858,135357,4,1,1.0
1859,135401,4,1,1.0
1860,135446,4,1,1.0
1861,135483,4,1,1.0
1862,135544,4,1,1.0
1863,135581,4,1,1.0
1864,135613,4,1,1.0
1865,135670,4,1,1.0
1866,135724,4,1,1.0
1867,135780,4,1,1.0
1868,135839,4,1,1.0
1869,135893,4,1,1.0
1870,135933,4,1,1.0
1871,135974,4,1,1.0
1872,136030,4,1,1.0
1873,136083,4,1,1.0
1874,136149,4,1,1.0
1875,136190,4,1,1.0
1876,136230,4,1,1.0
1877,136266,4,1,1.0
1878,136323,4,1,1.0
1879,136372,4,1,1.0
1880,136417,4,1,1.0
1881,136469,4,1,1.0
1882,136511,4,1,1.0
1883,136558,4,1,1.0
1884,136615,4,1,1.0
1885,136666,4,1,1.0
1886,136721,4,1,1.0
1887,136762,4,1,1.0
1888,136799,4,1,1.0
1889,136832,4,1,1.0
1890,136901,4,1,1.0
1891,136947,4,1,1.0
1892,137024,4,1,1.0
1893,137060,4,1,1.0
1894,137099,4,1,1.0
1895,137161,4,1,1.0
1896,137214,4,1,1.0
1897,137264,4,1,1.0
1898,137319,4,1,1.0
1899,137372,4,1,1.0
1900,137418,4,1,1.0
1901,137470,4,1,1.0
1902,137510,4,1,1.0
1903,137576,4,1,1.0
1904,137611,4,1,1.0
1905,137653,4,1,1.0
1906,137767,4,1,1.0
1907,137809,4,1,1.0
1908,137871,4,1,1.0
1909,137922,4,1,1.0
1910,137955,4,1,1.0
1911,137990,4,1,1.0
1912,138035,4,1,1.0
1913,138080,4,1,1.0
1914,138123,4,1,1.0
1915,138163,4,1,1.0
1916,138219,4,1,1.0
1917,138282,4,1,1.0
1918,138342,4,1,1.0
1919,138393,4,1,1.0
1920,138453,4,1,1.0
1921,138519,4,1,1.0
1922,138567,4,1,1.0
1923,138624,4,1,1.0
1924,138722,4,1,1.0
1925,138770,4,1,1.0
1926,138813,4,1,1.0
1927,138881,4,1,1.0
1928,138935,4,1,1.0
1929,138994,4,1,1.0
1930,139041,4,1,1.0
1931,139105,4,1,1.0
1932,139145,4,1,1.0
1933,139186,4,1,1.0
1934,139239,4,1,1.0
1935,139288,4,1,1.0
1936,139330,4,1,1.0
1937,139398,4,1,1.0
1938,139453,4,1,1.0
1939,139494,4,1,1.0
1940,139547,4,1,1.0
1941,139611,4,1,1.0
1942,139656,4,1,1.0
1943,139703,4,1,1.0
1944,139745,4,1,1.0
1945,139780,4,1,1.0
1946,139822,4,1,1.0
1947,139872,4,1,1.0
1948,139941,4,1,1.0
1949,139985,4,1,1.0
1950,140040,4,1,1.0
1951,140112,4,1,1.0
1952,140168,4,1,1.0
1953,140210,4,1,1.0
1954,140260,4,1,1.0
1955,140322,4,1,1.0
1956,140375,4,1,1.0
1957,140412,4,1,1.0
1958,140466,4,1,1.0
1959,140515,4,1,1.0
1960,140553,4,1,1.0
1961,140631,4,1,1.0
1962,140720,4,1,1.0
1963,140774,4,1,1.0
1964,140864,4,1,1.0
1965,140939,4,1,1.0
1966,140984,4,1,1.0
1967,141040,4,1,1.0
1968,141081,4,1,1.0
1969,141122,4,1,1.0
1970,141179,4,1,1.0
1971,141240,4,1,1.0
1972,141274,4,1,1.0
1973,141320,4,1,1.0
1974,141368,4,1,1.0
1975,141444,4,1,1.0
1976,141490,4,1,1.0
1977,141539,4,1,1.0
1978,141588,4,1,1.0
1979,141640,4,1,1.0
1980,141678,4,1,1.0
1981,141737,4,1,1.0
1982,141780,4,1,1.0
1983,141839,4,1,1.0
1984,141879,4,1,1.0
1985,141934,4,1,1.0
1986,141990,4,1,1.0
1987,142041,4,1,1.0
1988,142086,4,1,1.0
1989,142130,4,1,1.0
1990,142188,4,1,1.0
1991,142258,4,1,1.0
1992,142325,4,1,1.0
1993,142387,4,1,1.0
1994,142432,4,1,1.0
1995,142513,4,1,1.0
1996,142573,4,1,1.0
1997,142631,4,1,1.0
1998,142656,4,1,1.0
1999,142700,4,1,1.0
2000,142763,4,1,1.0
2001,142797,4,1,1.0
2002,142853,4,1,1.0
2003,142892,4,1,1.0
2004,142947,4,1,1.0
2005,143012,4,1,1.0
2006,143053,4,1,1.0
2007,143113,4,1,1.0
2008,143170,4,1,1.0
2009,143245,4,1,1.0
2010,143302,4,1,1.0
2011,143404,4,1,1.0
2012,143452,4,1,1.0
2013,143505,4,1,1.0
2014,143550,4,1,1.0
2015,143598,4,1,1.0
2016,143640,4,1,1.0
2017,143699,4,1,1.0
2018,143751,4,1,1.0
2019,143803,4,1,1.0
2020,143851,4,1,1.0
2021,143886,4,1,1.0
2022,143925,4,1,1.0
2023,143983,4,1,1.0
2024,144049,4,1,1.0
2025,144089,4,1,1.0
2026,144151,4,1,1.0
2027,144202,4,1,1.0
2028,144252,4,1,1.0
2029,144295,4,1,1.0
2030,144336,4,1,1.0
2031,144386,4,1,1.0
2032,144422,4,1,1.0
2033,144473,4,1,1.0
2034,144537,4,1,1.0
2035,144601,4,1,1.0
2036,144666,4,1,1.0
2037,144723,4,1,1.0
2038,144806,4,1,1.0
2039,144845,4,1,1.0
2040,144902,4,1,1.0
2041,144950,4,1,1.0
2042,145016,4,1,1.0
2043,145077,4,1,1.0
2044,145116,4,1,1.0
2045,145205,4,1,1.0
2046,145270,4,1,1.0
2047,145309,4,1,1.0
2048,145374,4,1,1.0
2049,145432,4,1,1.0
2050,145484,4,1,1.0
2051,145542,4,1,1.0
2052,145590,4,1,1.0
2053,145638,4,1,1.0
2054,145676,4,1,1.0
2055,145718,4,1,1.0
2056,145771,4,1,1.0
2057,145821,4,1,1.0
2058,145880,4,1,1.0
2059,145930,4,1,1.0
2060,145982,4,1,1.0
2061,146026,4,1,1.0
2062,146086,4,1,1.0
2063,146135,4,1,1.0
2064,146185,4,1,1.0
2065,146247,4,1,1.0
2066,146296,4,1,1.0
2067,146338,4,1,1.0
2068,146397,4,1,1.0
2069,146441,4,1,1.0
2070,146500,4,1,1.0
2071,146560,4,1,1.0
2072,146617,4,1,1.0
2073,146654,4,1,1.0
2074,146702,4,1,1.0
2075,146744,4,1,1.0
2076,146803,4,1,1.0
2077,146857,4,1,1.0
2078,146902,4,1,1.0
2079,146951,4,1,1.0
2080,147012,4,1,1.0
2081,147064,4,1,1.0
2082,147114,4,1,1.0
2083,147153,4,1,1.0
2084,147211,4,1,1.0
2085,147246,4,1,1.0
2086,147294,4,1,1.0
2087,147330,4,1,1.0
2088,147389,4,1,1.0
2089,147442,4,1,1.0
2090,147489,4,1,1.0
2091,147528,4,1,1.0
2092,147590,4,1,1.0
2093,147648,4,1,1.0
2094,147714,4,1,1.0
2095,147770,4,1,1.0
2096,147821,4,1,1.0
2097,147875,4,1,1.0
2098,147903,4,1,1.0
2099,147943,4,1,1.0
2100,147983,4,1,1.0
2101,148027,4,1,1.0
2102,148079,4,1,1.0
2103,148124,4,1,1.0
2104,148182,4,1,1.0
2105,148217,4,1,1.0
2106,148256,4,1,1.0
2107,148309,4,1,1.0
2108,148350,4,1,1.0
2109,148403,4,1,1.0
2110,148468,4,1,1.0
2111,148528,4,1,1.0
2112,148582,4,1,1.0
2113,148632,4,1,1.0
2114,148668,4,1,1.0
2115,148726,4,1,1.0
2116,148769,4,1,1.0
2117,148829,4,1,1.0
2118,148895,4,1,1.0
2119,148940,4,1,1.0
2120,148978,4,1,1.0
2121,149024,4,1,1.0
2122,149092,4,1,1.0
2123,149179,4,1,1.0
2124,149236,4,1,1.0
2125,149298,4,1,1.0
2126,149344,4,1,1.0
2127,149386,4,1,1.0
2128,149433,4,1,1.0
2129,149471,4,1,1.0
2130,149532,4,1,1.0
2131,149588,4,1,1.0
2132,149646,4,1,1.0
2133,149697,4,1,1.0
2134,149747,4,1,1.0
2135,149791,4,1,1.0
2136,149845,4,1,1.0
2137,149923,4,1,1.0
2138,149962,4,1,1.0
2139,150024,4,1,1.0
2140,150067,4,1,1.0
2141,150112,4,1,1.0
2142,150148,4,1,1.0
2143,150204,4,1,1.0
2144,150251,4,1,1.0
2145,150326,4,1,1.0
2146,150379,4,1,1.0
2147,150436,4,1,1.0
2148,150478,4,1,1.0
2149,150519,4,1,1.0
2150,150581,4,1,1.0
2151,150649,4,1,1.0
2152,150700,4,1,1.0
2153,150744,4,1,1.0
2154,150803,4,1,1.0
2155,150864,4,1,1.0
2156,150900,4,1,1.0
2157,150954,4,1,1.0
2158,150993,4,1,1.0
2159,151056,4,1,1.0
2160,151110,4,1,1.0
2161,151156,4,1,1.0
2162,151214,4,1,1.0
2163,151259,4,1,1.0
2164,151306,4,1,1.0
2165,151352,4,1,1.0
2166,151415,4,1,1.0
2167,151462,4,1,1.0
2168,151542,4,1,1.0
2169,151585,4,1,1.0
2170,151631,4,1,1.0
2171,151679,4,1,1.0
2172,151723,4,1,1.0
2173,151765,4,1,1.0
2174,151810,4,1,1.0
2175,151879,4,1,1.0
2176,151920,4,1,1.0
2177,151967,4,1,1.0
2178,151999,4,1,1.0
2179,152068,4,1,1.0
2180,152106,4,1,1.0
2181,152156,4,1,1.0
2182,152205,4,1,1.0
2183,152260,4,1,1.0
2184,152296,4,1,1.0
2185,152345,4,1,1.0
2186,152396,4,1,1.0
2187,152445,4,1,1.0
2188,152499,4,1,1.0
2189,152565,4,1,1.0
2190,152608,4,1,1.0
2191,152659,4,1,1.0
2192,152702,4,1,1.0
2193,152752,4,1,1.0
2194,152782,4,1,1.0
2195,152838,4,1,1.0
2196,152876,4,1,1.0
2197,152951,4,1,1.0
2198,152999,4,1,1.0
2199,153042,4,1,1.0
2200,153091,4,1,1.0
2201,153132,4,1,1.0
2202,153193,4,1,1.0
2203,153253,4,1,1.0
2204,153301,4,1,1.0
2205,153367,4,1,1.0
2206,153409,4,1,1.0
2207,153472,4,1,1.0
2208,153535,4,1,1.0
2209,153595,4,1,1.0
2210,153639,4,1,1.0
2211,153688,4,1,1.0
2212,153757,4,1,1.0
2213,153808,4,1,1.0
2214,153850,4,1,1.0
2215,153925,4,1,1.0
2216,153981,4,1,1.0
2217,154031,4,1,1.0
2218,154074,4,1,1.0
2219,154120,4,1,1.0
2220,154158,4,1,1.0
2221,154222,4,1,1.0
2222,154280,4,1,1.0
2223,154341,4,1,1.0
2224,154388,4,1,1.0
2225,154435,4,1,1.0
2226,154479,4,1,1.0
2227,154533,4,1,1.0
2228,154582,4,1,1.0
2229,154636,4,1,1.0
2230,154684,4,1,1.0
2231,154729,4,1,1.0
2232,154789,4,1,1.0
2233,154844,4,1,1.0
2234,154888,4,1,1.0
2235,154950,4,1,1.0
2236,154990,4,1,1.0
2237,155044,4,1,1.0
2238,155096,4,1,1.0
2239,155148,4,1,1.0
2240,155188,4,1,1.0
2241,155231,4,1,1.0
2242,155277,4,1,1.0
2243,155368,4,1,1.0
2244,155392,4,1,1.0
2245,155437,4,1,1.0
2246,155488,4,1,1.0
2247,155543,4,1,1.0
2248,155601,4,1,1.0
2249,155653,4,1,1.0
2250,155704,4,1,1.0
2251,155741,4,1,1.0
2252,155782,4,1,1.0
2253,155840,4,1,1.0
2254,155869,4,1,1.0
2255,155915,4,1,1.0
2256,155974,4,1,1.0
2257,156015,4,1,1.0
2258,156051,4,1,1.0
2259,156098,4,1,1.0
2260,156157,4,1,1.0
2261,156208,4,1,1.0
2262,156237,4,1,1.0
2263,156292,4,1,1.0
2264,156345,4,1,1.0
2265,156396,4,1,1.0
2266,156441,4,1,1.0
2267,156482,4,1,1.0
2268,156585,4,1,1.0
2269,156623,4,1,1.0
2270,156675,4,1,1.0
2271,156714,4,1,1.0
2272,156761,4,1,1.0
2273,156823,4,1,1.0
2274,156889,4,1,1.0
2275,156951,4,1,1.0
2276,157003,4,1,1.0
2277,157063,4,1,1.0
2278,157112,4,1,1.0
2279,157175,4,1,1.0
2280,157217,4,1,1.0
2281,157274,4,1,1.0
2282,157323,4,1,1.0
2283,157370,4,1,1.0
2284,157419,4,1,1.0
2285,157457,4,1,1.0
2286,157508,4,1,1.0
2287,157608,4,1,1.0
2288,157651,4,1,1.0
2289,157718,4,1,1.0
2290,157769,4,1,1.0
2291,157818,4,1,1.0
2292,157853,4,1,1.0
2293,157914,4,1,1.0
2294,157958,4,1,1.0
2295,158018,4,1,1.0
2296,158060,4,1,1.0
2297,158119,4,1,1.0
2298,158163,4,1,1.0
2299,158207,4,1,1.0
2300,158258,4,1,1.0
2301,158311,4,1,1.0
2302,158359,4,1,1.0
2303,158401,4,1,1.0
2304,158454,4,1,1.0
2305,158486,4,1,1.0
2306,158526,4,1,1.0
2307,158565,4,1,1.0
2308,158616,4,1,1.0
2309,158666,4,1,1.0
2310,158714,4,1,1.0
2311,158752,4,1,1.0
2312,158809,4,1,1.0
2313,158868,4,1,1.0
2314,158920,4,1,1.0
2315,158967,4,1,1.0
2316,159022,4,1,1.0
2317,159070,4,1,1.0
2318,159133,4,1,1.0
2319,159224,4,1,1.0
2320,159257,4,1,1.0
2321,159307,4,1,1.0
2322,159359,4,1,1.0
2323,159402,4,1,1.0
2324,159443,4,1,1.0
2325,159475,4,1,1.0
2326,159510,4,1,1.0
2327,159556,4,1,1.0
2328,159605,4,1,1.0
2329,159651,4,1,1.0
2330,159707,4,1,1.0
2331,159746,4,1,1.0
2332,159823,4,1,1.0
2333,159871,4,1,1.0
2334,159901,4,1,1.0
2335,159956,4,1,1.0
2336,160026,4,1,1.0
2337,160081,4,1,1.0
2338,160111,4,1,1.0
2339,160165,4,1,1.0
2340,160211,4,1,1.0
2341,160264,4,1,1.0
2342,160311,4,1,1.0
2343,160363,4,1,1.0
2344,160416,4,1,1.0
2345,160472,4,1,1.0
2346,160515,4,1,1.0
2347,160588,4,1,1.0
2348,160627,4,1,1.0
2349,160681,4,1,1.0
2350,160732,4,1,1.0
2351,160808,4,1,1.0
2352,160853,4,1,1.0
2353,160907,4,1,1.0
2354,160957,4,1,1.0
2355,161002,4,1,1.0
2356,161051,4,1,1.0
2357,161106,4,1,1.0
2358,161141,4,1,1.0
2359,161190,4,1,1.0
2360,161258,4,1,1.0
2361,161312,4,1,1.0
2362,161359,4,1,1.0
2363,161420,4,1,1.0
2364,161454,4,1,1.0
2365,161501,4,1,1.0
2366,161555,4,1,1.0
2367,161596,4,1,1.0
2368,161649,4,1,1.0
2369,161703,4,1,1.0
2370,161749,4,1,1.0
2371,161847,4,1,1.0
2372,161897,4,1,1.0
2373,161951,4,1,1.0
2374,161987,4,1,1.0
2375,162041,4,1,1.0
2376,162085,4,1,1.0
2377,162138,4,1,1.0
2378,162183,4,1,1.0
2379,162259,4,1,1.0
2380,162318,4,1,1.0
2381,162353,4,1,1.0
2382,162404,4,1,1.0
2383,162475,4,1,1.0
2384,162526,4,1,1.0
2385,162565,4,1,1.0
2386,162614,4,1,1.0
2387,162651,4,1,1.0
2388,162691,4,1,1.0
2389,162743,4,1,1.0
2390,162785,4,1,1.0
2391,162830,4,1,1.0
2392,162867,4,1,1.0
2393,162908,4,1,1.0
2394,162962,4,1,1.0
2395,163004,4,1,1.0
2396,163031,4,1,1.0
2397,163104,4,1,1.0
2398,163143,4,1,1.0
2399,163214,4,1,1.0
2400,163280,4,1,1.0
2401,163318,4,1,1.0
2402,163358,4,1,1.0
2403,163411,4,1,1.0
2404,163442,4,1,1.0
2405,163499,4,1,1.0
2406,163543,4,1,1.0
2407,163578,4,1,1.0
2408,163631,4,1,1.0
2409,163679,4,1,1.0
2410,163724,4,1,1.0
2411,163780,4,1,1.0
2412,163814,4,1,1.0
2413,163858,4,1,1.0
2414,163898,4,1,1.0
2415,163983,4,1,1.0
2416,164030,4,1,1.0
2417,164083,4,1,1.0
2418,164128,4,1,1.0
2419,164174,4,1,1.0
2420,164228,4,1,1.0
2421,164294,4,1,1.0
2422,164345,4,1,1.0
2423,164389,4,1,1.0
2424,164447,4,1,1.0
2425,164511,4,1,1.0
2426,164551,4,1,1.0
2427,164607,4,1,1.0
2428,164645,4,1,1.0
2429,164692,4,1,1.0
2430,164736,4,1,1.0
2431,164784,4,1,1.0
2432,164839,4,1,1.0
2433,164879,4,1,1.0
2434,164918,4,1,1.0
2435,164955,4,1,1.0
2436,164992,4,1,1.0
2437,165041,4,1,1.0
2438,165091,4,1,1.0
2439,165149,4,1,1.0
2440,165193,4,1,1.0
2441,165236,4,1,1.0
2442,165300,4,1,1.0
2443,165338,4,1,1.0
2444,165369,4,1,1.0
2445,165424,4,1,1.0
2446,165476,4,1,1.0
2447,165537,4,1,1.0
2448,165581,4,1,1.0
2449,165624,4,1,1.0
2450,165673,4,1,1.0
2451,165723,4,1,1.0
2452,165758,4,1,1.0
2453,165805,4,1,1.0
2454,165851,4,1,1.0
2455,165887,4,1,1.0
2456,165945,4,1,1.0
2457,165988,4,1,1.0
2458,166046,4,1,1.0
2459,166090,4,1,1.0
2460,166134,4,1,1.0
2461,166179,4,1,1.0
2462,166252,4,1,1.0
2463,166299,4,1,1.0
2464,166359,4,1,1.0
2465,166398,4,1,1.0
2466,166444,4,1,1.0
2467,166488,4,1,1.0
2468,166529,4,1,1.0
2469,166566,4,1,1.0
2470,166638,4,1,1.0
2471,166707,4,1,1.0
2472,166761,4,1,1.0
2473,166794,4,1,1.0
2474,166832,4,1,1.0
2475,166870,4,1,1.0
2476,166910,4,1,1.0
2477,166959,4,1,1.0
2478,167005,4,1,1.0
2479,167057,4,1,1.0
2480,167102,4,1,1.0
2481,167137,4,1,1.0
2482,167177,4,1,1.0
2483,167221,4,1,1.0
2484,167266,4,1,1.0
2485,167301,4,1,1.0
2486,167353,4,1,1.0
2487,167418,4,1,1.0
2488,167476,4,1,1.0
2489,167519,4,1,1.0
2490,167567,4,1,1.0
2491,167607,4,1,1.0
2492,167678,4,1,1.0
2493,167704,4,1,1.0
2494,167765,4,1,1.0
2495,167806,4,1,1.0
2496,167844,4,1,1.0
2497,167899,4,1,1.0
2498,167956,4,1,1.0
2499,168023,4,1,1.0
2500,168073,4,1,1.0
2501,168122,4,1,1.0
2502,168182,4,1,1.0
2503,168232,4,1,1.0
2504,168274,4,1,1.0
2505,168324,4,1,1.0
2506,168382,4,1,1.0
2507,168430,4,1,1.0
2508,168469,4,1,1.0
2509,168532,4,1,1.0
2510,168585,4,1,1.0
2511,168621,4,1,1.0
2512,168659,4,1,1.0
2513,168716,4,1,1.0
2514,168760,4,1,1.0
2515,168824,4,1,1.0
2516,168882,4,1,1.0
2517,168949,4,1,1.0
2518,169013,4,1,1.0
2519,169070,4,1,1.0
2520,169117,4,1,1.0
2521,169169,4,1,1.0
2522,169217,4,1,1.0
2523,169254,4,1,1.0
2524,169303,4,1,1.0
2525,169355,4,1,1.0
2526,169394,4,1,1.0
2527,169447,4,1,1.0
2528,169496,4,1,1.0
2529,169561,4,1,1.0
2530,169599,4,1,1.0
2531,169636,4,1,1.0
2532,169694,4,1,1.0
2533,169733,4,1,1.0
2534,169775,4,1,1.0
2535,169807,4,1,1.0
2536,169861,4,1,1.0
2537,169936,4,1,1.0
2538,169974,4,1,1.0
2539,170020,4,1,1.0
2540,170070,4,1,1.0
2541,170134,4,1,1.0
2542,170186,4,1,1.0
2543,170234,4,1,1.0
2544,170296,4,1,1.0
2545,170340,4,1,1.0
2546,170415,4,1,1.0
2547,170454,4,1,1.0
2548,170520,4,1,1.0
2549,170560,4,1,1.0
2550,170589,4,1,1.0
2551,170642,4,1,1.0
2552,170691,4,1,1.0
2553,170760,4,1,1.0
2554,170805,4,1,1.0
2555,170840,4,1,1.0
2556,170906,4,1,1.0
2557,170953,4,1,1.0
2558,170990,4,1,1.0
2559,171060,4,1,1.0
2560,171106,4,1,1.0
2561,171146,4,1,1.0
2562,171217,4,1,1.0
2563,171249,4,1,1.0
2564,171300,4,1,1.0
2565,171369,4,1,1.0
2566,171424,4,1,1.0
2567,171467,4,1,1.0
2568,171509,4,1,1.0
2569,171550,4,1,1.0
2570,171597,4,1,1.0
2571,171643,4,1,1.0
2572,171702,4,1,1.0
2573,171750,4,1,1.0
2574,171804,4,1,1.0
2575,171847,4,1,1.0
2576,171923,4,1,1.0
2577,171981,4,1,1.0
2578,172024,4,1,1.0
2579,172064,4,1,1.0
2580,172104,4,1,1.0
2581,172151,4,1,1.0
2582,172224,4,1,1.0
2583,172283,4,1,1.0
2584,172350,4,1,1.0
2585,172401,4,1,1.0
2586,172445,4,1,1.0
2587,172502,4,1,1.0
2588,172550,4,1,1.0
2589,172627,4,1,1.0
2590,172675,4,1,1.0
2591,172722,4,1,1.0
2592,172768,4,1,1.0
2593,172817,4,1,1.0
2594,172857,4,1,1.0
2595,172928,4,1,1.0
2596,172980,4,1,1.0
2597,173016,4,1,1.0
2598,173060,4,1,1.0
2599,173108,4,1,1.0
2600,173155,4,1,1.0
2601,173192,4,1,1.0
2602,173242,4,1,1.0
2603,173280,4,1,1.0
2604,173335,4,1,1.0
2605,173394,4,1,1.0
2606,173433,4,1,1.0
2607,173489,4,1,1.0
2608,173554,4,1,1.0
2609,173617,4,1,1.0
2610,173655,4,1,1.0
2611,173723,4,1,1.0
2612,173768,4,1,1.0
2613,173836,4,1,1.0
2614,173871,4,1,1.0
2615,173932,4,1,1.0
2616,173976,4,1,1.0
2617,174010,4,1,1.0
2618,174050,4,1,1.0
2619,174099,4,1,1.0
2620,174149,4,1,1.0
2621,174201,4,1,1.0
2622,174256,4,1,1.0
2623,174311,4,1,1.0
2624,174363,4,1,1.0
2625,174409,4,1,1.0
2626,174453,4,1,1.0
2627,174500,4,1,1.0
2628,174538,4,1,1.0
2629,174596,4,1,1.0
2630,174655,4,1,1.0
2631,174706,4,1,1.0
2632,174776,4,1,1.0
2633,174817,4,1,1.0
2634,174856,4,1,1.0
2635,174900,4,1,1.0
2636,174958,4,1,1.0
2637,175015,4,1,1.0
2638,175057,4,1,1.0
2639,175091,4,1,1.0
2640,175133,4,1,1.0
2641,175179,4,1,1.0
2642,175259,4,1,1.0
2643,175310,4,1,1.0
2644,175353,4,1,1.0
2645,175401,4,1,1.0
2646,175483,4,1,1.0
2647,175531,4,1,1.0
2648,175561,4,1,1.0
2649,175607,4,1,1.0
2650,175645,4,1,1.0
2651,175683,4,1,1.0
2652,175723,4,1,1.0
2653,175781,4,1,1.0
2654,175829,4,1,1.0
2655,175883,4,1,1.0
2656,175931,4,1,1.0
2657,175981,4,1,1.0
2658,176035,4,1,1.0
2659,176097,4,1,1.0
2660,176159,4,1,1.0
2661,176204,4,1,1.0
2662,176239,4,1,1.0
2663,176300,4,1,1.0
2664,176338,4,1,1.0
2665,176383,4,1,1.0
2666,176438,4,1,1.0
2667,176480,4,1,1.0
2668,176553,4,1,1.0
2669,176617,4,1,1.0
2670,176657,4,1,1.0
2671,176740,4,1,1.0
2672,176786,4,1,1.0
2673,176833,4,1,1.0
2674,176883,4,1,1.0
2675,176951,4,1,1.0
2676,176989,4,1,1.0
2677,177053,4,1,1.0
2678,177105,4,1,1.0
2679,177165,4,1,1.0
2680,177229,4,1,1.0
2681,177275,4,1,1.0
2682,177346,4,1,1.0
2683,177397,4,1,1.0
2684,177468,4,1,1.0
2685,177514,4,1,1.0
2686,177559,4,1,1.0
2687,177591,4,1,1.0
2688,177630,4,1,1.0
2689,177690,4,1,1.0
2690,177747,4,1,1.0
2691,177794,4,1,1.0
2692,177835,4,1,1.0
2693,177910,4,1,1.0
2694,177949,4,1,1.0
2695,177989,4,1,1.0
2696,178034,4,1,1.0
2697,178085,4,1,1.0
2698,178133,4,1,1.0
2699,178164,4,1,1.0
2700,178220,4,1,1.0
2701,178271,4,1,1.0
2702,178323,4,1,1.0
2703,178359,4,1,1.0
2704,178418,4,1,1.0
2705,178485,4,1,1.0
2706,178527,4,1,1.0
2707,178566,4,1,1.0
2708,178619,4,1,1.0
2709,178661,4,1,1.0
2710,178716,4,1,1.0
2711,178755,4,1,1.0
2712,178781,4,1,1.0
2713,178832,4,1,1.0
2714,178879,4,1,1.0
2715,178931,4,1,1.0
2716,178987,4,1,1.0
2717,179031,4,1,1.0
2718,179092,4,1,1.0
2719,179150,4,1,1.0
2720,179200,4,1,1.0
2721,179244,4,1,1.0
2722,179289,4,1,1.0
2723,179335,4,1,1.0
2724,179381,4,1,1.0
2725,179413,4,1,1.0
2726,179479,4,1,1.0
2727,179537,4,1,1.0
2728,179589,4,1,1.0
2729,179631,4,1,1.0
2730,179665,4,1,1.0
2731,179716,4,1,1.0
2732,179766,4,1,1.0
2733,179833,4,1,1.0
2734,179865,4,1,1.0
2735,179924,4,1,1.0
2736,179971,4,1,1.0
2737,180009,4,1,1.0
2738,180047,4,1,1.0
2739,180102,4,1,1.0
2740,180179,4,1,1.0
2741,180210,4,1,1.0
2742,180261,4,1,1.0
2743,180302,4,1,1.0
2744,180362,4,1,1.0
2745,180416,4,1,1.0
2746,180465,4,1,1.0
2747,180505,4,1,1.0
2748,180549,4,1,1.0
2749,180588,4,1,1.0
2750,180642,4,1,1.0
2751,180687,4,1,1.0
2752,180729,4,1,1.0
2753,180765,4,1,1.0
2754,180807,4,1,1.0
2755,180853,4,1,1.0
2756,180905,4,1,1.0
2757,180972,4,1,1.0
2758,181009,4,1,1.0
2759,181062,4,1,1.0
2760,181100,4,1,1.0
2761,181143,4,1,1.0
2762,181187,4,1,1.0
2763,181245,4,1,1.0
2764,181286,4,1,1.0
2765,181332,4,1,1.0
2766,181390,4,1,1.0
2767,181435,4,1,1.0
2768,181486,4,1,1.0
2769,181521,4,1,1.0
2770,181563,4,1,1.0
2771,181622,4,1,1.0
2772,181680,4,1,1.0
2773,181740,4,1,1.0
2774,181804,4,1,1.0
2775,181853,4,1,1.0
2776,181901,4,1,1.0
2777,181936,4,1,1.0
2778,181995,4,1,1.0
2779,182052,4,1,1.0
2780,182100,4,1,1.0
2781,182142,4,1,1.0
2782,182184,4,1,1.0
2783,182236,4,1,1.0
2784,182320,4,1,1.0
2785,182365,4,1,1.0
2786,182416,4,1,1.0
2787,182453,4,1,1.0
2788,182503,4,1,1.0
2789,182554,4,1,1.0
2790,182597,4,1,1.0
2791,182648,4,1,1.0
2792,182697,4,1,1.0
2793,182740,4,1,1.0
2794,182790,4,1,1.0
2795,182846,4,1,1.0
2796,182904,4,1,1.0
2797,182937,4,1,1.0
2798,182970,4,1,1.0
2799,183014,4,1,1.0
2800,183062,4,1,1.0
2801,183107,4,1,1.0
2802,183157,4,1,1.0
2803,183216,4,1,1.0
2804,183259,4,1,1.0
2805,183332,4,1,1.0
2806,183368,4,1,1.0
2807,183421,4,1,1.0
2808,183480,4,1,1.0
2809,183536,4,1,1.0
2810,183586,4,1,1.0
2811,183647,4,1,1.0
2812,183686,4,1,1.0
2813,183753,4,1,1.0
2814,183796,4,1,1.0
2815,183862,4,1,1.0
2816,183904,4,1,1.0
2817,183947,4,1,1.0
2818,183994,4,1,1.0
2819,184037,4,1,1.0
2820,184073,4,1,1.0
2821,184117,4,1,1.0
2822,184170,4,1,1.0
2823,184236,4,1,1.0
2824,184276,4,1,1.0
2825,184315,4,1,1.0
2826,184368,4,1,1.0
2827,184416,4,1,1.0
2828,184476,4,1,1.0
2829,184510,4,1,1.0
2830,184569,4,1,1.0
2831,184603,4,1,1.0
2832,184660,4,1,1.0
2833,184698,4,1,1.0
2834,184741,4,1,1.0
2835,184784,4,1,1.0
2836,184836,4,1,1.0
2837,184886,4,1,1.0
2838,184930,4,1,1.0
2839,184979,4,1,1.0
2840,185025,4,1,1.0
2841,185066,4,1,1.0
2842,185112,4,1,1.0
2843,185154,4,1,1.0
2844,185200,4,1,1.0
2845,185257,4,1,1.0
2846,185316,4,1,1.0
2847,185364,4,1,1.0
2848,185425,4,1,1.0
2849,185486,4,1,1.0
2850,185529,4,1,1.0
2851,185600,4,1,1.0
2852,185669,4,1,1.0
2853,185733,4,1,1.0
2854,185779,4,1,1.0
2855,185848,4,1,1.0
2856,185882,4,1,1.0
2857,185937,4,1,1.0
2858,185987,4,1,1.0
2859,186045,4,1,1.0
2860,186086,4,1,1.0
2861,186136,4,1,1.0
2862,186209,4,1,1.0
2863,186259,4,1,1.0
2864,186312,4,1,1.0
2865,186361,4,1,1.0
2866,186440,4,1,1.0
2867,186475,4,1,1.0
2868,186513,4,1,1.0
2869,186552,4,1,1.0
2870,186601,4,1,1.0
2871,186648,4,1,1.0
2872,186710,4,1,1.0
2873,186765,4,1,1.0
2874,186801,4,1,1.0
2875,186849,4,1,1.0
2876,186922,4,1,1.0
2877,186972,4,1,1.0
2878,187036,4,1,1.0
2879,187075,4,1,1.0
2880,187105,4,1,1.0
2881,187152,4,1,1.0
2882,187198,4,1,1.0
2883,187231,4,1,1.0
2884,187264,4,1,1.0
2885,187303,4,1,1.0
2886,187336,4,1,1.0
2887,187372,4,1,1.0
2888,187427,4,1,1.0
2889,187476,4,1,1.0
2890,187519,4,1,1.0
2891,187593,4,1,1.0
2892,187657,4,1,1.0
2893,187708,4,1,1.0
2894,187743,4,1,1.0
2895,187779,4,1,1.0
2896,187839,4,1,1.0
2897,187889,4,1,1.0
2898,187936,4,1,1.0
2899,187966,4,1,1.0
2900,187997,4,1,1.0
2901,188034,4,1,1.0
2902,188071,4,1,1.0
2903,188130,4,1,1.0
2904,188173,4,1,1.0
2905,188226,4,1,1.0
2906,188265,4,1,1.0
2907,188305,4,1,1.0
2908,188355,4,1,1.0
2909,188412,4,1,1.0
2910,188458,4,1,1.0
2911,188515,4,1,1.0
2912,188574,4,1,1.0
2913,188619,4,1,1.0
2914,188697,4,1,1.0
2915,188748,4,1,1.0
2916,188793,4,1,1.0
2917,188827,4,1,1.0
2918,188868,4,1,1.0
2919,188916,4,1,1.0
2920,188947,4,1,1.0
2921,188979,4,1,1.0
2922,189011,4,1,1.0
2923,189054,4,1,1.0
2924,189108,4,1,1.0
2925,189162,4,1,1.0
2926,189217,4,1,1.0
2927,189271,4,1,1.0
2928,189311,4,1,1.0
2929,189356,4,1,1.0
2930,189393,4,1,1.0
2931,189429,4,1,1.0
2932,189488,4,1,1.0
2933,189530,4,1,1.0
2934,189584,4,1,1.0
2935,189645,4,1,1.0
2936,189683,4,1,1.0
2937,189739,4,1,1.0
2938,189783,4,1,1.0
2939,189830,4,1,1.0
2940,189886,4,1,1.0
2941,189938,4,1,1.0
2942,189988,4,1,1.0
2943,190020,4,1,1.0
2944,190078,4,1,1.0
2945,190113,4,1,1.0
2946,190172,4,1,1.0
2947,190249,4,1,1.0
2948,190325,4,1,1.0
2949,190363,4,1,1.0
2950,190440,4,1,1.0
2951,190493,4,1,1.0
2952,190552,4,1,1.0
2953,190602,4,1,1.0
2954,190652,4,1,1.0
2955,190695,4,1,1.0
2956,190749,4,1,1.0
2957,190802,4,1,1.0
2958,190844,4,1,1.0
2959,190908,4,1,1.0
2960,190957,4,1,1.0
2961,191005,4,1,1.0
2962,191045,4,1,1.0
2963,191113,4,1,1.0
2964,191163,4,1,1.0
2965,191217,4,1,1.0
2966,191255,4,1,1.0
2967,191302,4,1,1.0
2968,191345,4,1,1.0
2969,191381,4,1,1.0
2970,191449,4,1,1.0
2971,191511,4,1,1.0
2972,191570,4,1,1.0
2973,191615,4,1,1.0
2974,191681,4,1,1.0
2975,191720,4,1,1.0
2976,191756,4,1,1.0
2977,191791,4,1,1.0
2978,191847,4,1,1.0
2979,191897,4,1,1.0
2980,191933,4,1,1.0
2981,191989,4,1,1.0
2982,192039,4,1,1.0
2983,192082,4,1,1.0
2984,192122,4,1,1.0
2985,192193,4,1,1.0
2986,192245,4,1,1.0
2987,192303,4,1,1.0
2988,192341,4,1,1.0
2989,192390,4,1,1.0
2990,192433,4,1,1.0
2991,192473,4,1,1.0
2992,192515,4,1,1.0
2993,192571,4,1,1.0
2994,192621,4,1,1.0
2995,192663,4,1,1.0
2996,192717,4,1,1.0
2997,192782,4,1,1.0
2998,192827,4,1,1.0
2999,192887,4,1,1.0
3000,192938,4,1,1.0
3001,192983,4,1,1.0
3002,193024,4,1,1.0
3003,193072,4,1,1.0
3004,193124,4,1,1.0
3005,193167,4,1,1.0
3006,193216,4,1,1.0
3007,193253,4,1,1.0
3008,193292,4,1,1.0
3009,193329,4,1,1.0
3010,193361,4,1,1.0
3011,193409,4,1,1.0
3012,193461,4,1,1.0
3013,193508,4,1,1.0
3014,193534,4,1,1.0
3015,193569,4,1,1.0
3016,193637,4,1,1.0
3017,193670,4,1,1.0
3018,193741,4,1,1.0
3019,193796,4,1,1.0
3020,193852,4,1,1.0
3021,193885,4,1,1.0
3022,193918,4,1,1.0
3023,193945,4,1,1.0
3024,193986,4,1,1.0
3025,194031,4,1,1.0
3026,194093,4,1,1.0
3027,194163,4,1,1.0
3028,194246,4,1,1.0
3029,194296,4,1,1.0
3030,194342,4,1,1.0
3031,194386,4,1,1.0
3032,194449,4,1,1.0
3033,194505,4,1,1.0
3034,194561,4,1,1.0
3035,194598,4,1,1.0
3036,194650,4,1,1.0
3037,194707,4,1,1.0
3038,194748,4,1,1.0
3039,194793,4,1,1.0
3040,194850,4,1,1.0
3041,194882,4,1,1.0
3042,194938,4,1,1.0
3043,195010,4,1,1.0
3044,195052,4,1,1.0
3045,195095,4,1,1.0
3046,195155,4,1,1.0
3047,195200,4,1,1.0
3048,195251,4,1,1.0
3049,195304,4,1,1.0
3050,195356,4,1,1.0
3051,195389,4,1,1.0
3052,195436,4,1,1.0
3053,195491,4,1,1.0
3054,195542,4,1,1.0
3055,195574,4,1,1.0
3056,195632,4,1,1.0
3057,195688,4,1,1.0
3058,195750,4,1,1.0
3059,195800,4,1,1.0
3060,195842,4,1,1.0
3061,195894,4,1,1.0
3062,195941,4,1,1.0
3063,195984,4,1,1.0
3064,196017,4,1,1.0
3065,196061,4,1,1.0
3066,196103,4,1,1.0
3067,196154,4,1,1.0
3068,196210,4,1,1.0
3069,196250,4,1,1.0
3070,196334,4,1,1.0
3071,196375,4,1,1.0
3072,196415,4,1,1.0
3073,196452,4,1,1.0
3074,196497,4,1,1.0
3075,196538,4,1,1.0
3076,196585,4,1,1.0
3077,196625,4,1,1.0
3078,196672,4,1,1.0
3079,196705,4,1,1.0
3080,196750,4,1,1.0
3081,196802,4,1,1.0
3082,196840,4,1,1.0
3083,196893,4,1,1.0
3084,196937,4,1,1.0
3085,196984,4,1,1.0
3086,197021,4,1,1.0
3087,197055,4,1,1.0
3088,197101,4,1,1.0
3089,197148,4,1,1.0
3090,197198,4,1,1.0
3091,197236,4,1,1.0
3092,197292,4,1,1.0
3093,197340,4,1,1.0
3094,197383,4,1,1.0
3095,197446,4,1,1.0
3096,197486,4,1,1.0
3097,197527,4,1,1.0
3098,197576,4,1,1.0
3099,197622,4,1,1.0
3100,197665,4,1,1.0
3101,197712,4,1,1.0
3102,197762,4,1,1.0
3103,197807,4,1,1.0
3104,197853,4,1,1.0
3105,197915,4,1,1.0
3106,197967,4,1,1.0
3107,198014,4,1,1.0
3108,198055,4,1,1.0
3109,198133,4,1,1.0
3110,198182,4,1,1.0
3111,198222,4,1,1.0
3112,198266,4,1,1.0
3113,198314,4,1,1.0
3114,198352,4,1,1.0
3115,198402,4,1,1.0
3116,198440,4,1,1.0
3117,198474,4,1,1.0
3118,198529,4,1,1.0
3119,198588,4,1,1.0
3120,198632,4,1,1.0
3121,198663,4,1,1.0
3122,198706,4,1,1.0
3123,198766,4,1,1.0
3124,198838,4,1,1.0
3125,198878,4,1,1.0
3126,198920,4,1,1.0
3127,198957,4,1,1.0
3128,198985,4,1,1.0
3129,199033,4,1,1.0
3130,199107,4,1,1.0
3131,199171,4,1,1.0
3132,199213,4,1,1.0
3133,199267,4,1,1.0
3134,199320,4,1,1.0
3135,199385,4,1,1.0
3136,199437,4,1,1.0
3137,199482,4,1,1.0
3138,199520,4,1,1.0
3139,199551,4,1,1.0
3140,199586,4,1,1.0
3141,199639,4,1,1.0
3142,199686,4,1,1.0
3143,199732,4,1,1.0
3144,199769,4,1,1.0
3145,199827,4,1,1.0
3146,199881,4,1,1.0
3147,199928,4,1,1.0
3148,199971,4,1,1.0
3149,200033,4,1,1.0
3150,200076,4,1,1.0
3151,200119,4,1,1.0
3152,200160,4,1,1.0
3153,200229,4,1,1.0
3154,200280,4,1,1.0
3155,200324,4,1,1.0
3156,200373,4,1,1.0
3157,200418,4,1,1.0
3158,200483,4,1,1.0
3159,200526,4,1,1.0
3160,200565,4,1,1.0
3161,200615,4,1,1.0
3162,200665,4,1,1.0
3163,200724,4,1,1.0
3164,200771,4,1,1.0
3165,200829,4,1,1.0
3166,200876,4,1,1.0
3167,200915,4,1,1.0
3168,200948,4,1,1.0
3169,200993,4,1,1.0
3170,201027,4,1,1.0
3171,201061,4,1,1.0
3172,201120,4,1,1.0
3173,201175,4,1,1.0
3174,201218,4,1,1.0
3175,201277,4,1,1.0
3176,201309,4,1,1.0
3177,201345,4,1,1.0
3178,201404,4,1,1.0
3179,201438,4,1,1.0
3180,201482,4,1,1.0
3181,201521,4,1,1.0
3182,201555,4,1,1.0
3183,201592,4,1,1.0
3184,201633,4,1,1.0
3185,201680,4,1,1.0
3186,201748,4,1,1.0
3187,201804,4,1,1.0
3188,201852,4,1,1.0
3189,201909,4,1,1.0
3190,201954,4,1,1.0
3191,202001,4,1,1.0
3192,202053,4,1,1.0
3193,202103,4,1,1.0
3194,202147,4,1,1.0
3195,202204,4,1,1.0
3196,202247,4,1,1.0
3197,202299,4,1,1.0
3198,202358,4,1,1.0
3199,202422,4,1,1.0
3200,202476,4,1,1.0
3201,202512,4,1,1.0
3202,202557,4,1,1.0
3203,202611,4,1,1.0
3204,202657,4,1,1.0
3205,202700,4,1,1.0
3206,202740,4,1,1.0
3207,202778,4,1,1.0
3208,202828,4,1,1.0
3209,202882,4,1,1.0
3210,202929,4,1,1.0
3211,202979,4,1,1.0
3212,203029,4,1,1.0
3213,203095,4,1,1.0
3214,203160,4,1,1.0
3215,203190,4,1,1.0
3216,203246,4,1,1.0
3217,203280,4,1,1.0
3218,203330,4,1,1.0
3219,203391,4,1,1.0
3220,203438,4,1,1.0
3221,203498,4,1,1.0
3222,203541,4,1,1.0
3223,203585,4,1,1.0
3224,203644,4,1,1.0
3225,203679,4,1,1.0
3226,203760,4,1,1.0
3227,203793,4,1,1.0
3228,203853,4,1,1.0
3229,203882,4,1,1.0
3230,203935,4,1,1.0
3231,203995,4,1,1.0
3232,204024,4,1,1.0
3233,204073,4,1,1.0
3234,204107,4,1,1.0
3235,204171,4,1,1.0
3236,204207,4,1,1.0
3237,204242,4,1,1.0
3238,204284,4,1,1.0
3239,204331,4,1,1.0
3240,204375,4,1,1.0
3241,204444,4,1,1.0
3242,204482,4,1,1.0
3243,204544,4,1,1.0
3244,204602,4,1,1.0
3245,204651,4,1,1.0
3246,204705,4,1,1.0
3247,204741,4,1,1.0
3248,204788,4,1,1.0
3249,204842,4,1,1.0
3250,204880,4,1,1.0
3251,204919,4,1,1.0
3252,204957,4,1,1.0
3253,204999,4,1,1.0
3254,205040,4,1,1.0
3255,205083,4,1,1.0
3256,205131,4,1,1.0
3257,205165,4,1,1.0
3258,205206,4,1,1.0
3259,205254,4,1,1.0
3260,205290,4,1,1.0
3261,205332,4,1,1.0
3262,205374,4,1,1.0
3263,205420,4,1,1.0
3264,205480,4,1,1.0
3265,205537,4,1,1.0
3266,205579,4,1,1.0
3267,205613,4,1,1.0
3268,205657,4,1,1.0
3269,205713,4,1,1.0
3270,205745,4,1,1.0
3271,205814,4,1,1.0
3272,205889,4,1,1.0
3273,205941,4,1,1.0
3274,205997,4,1,1.0
3275,206028,4,1,1.0
3276,206072,4,1,1.0
3277,206125,4,1,1.0
3278,206173,4,1,1.0
3279,206228,4,1,1.0
3280,206276,4,1,1.0
3281,206334,4,1,1.0
3282,206390,4,1,1.0
3283,206434,4,1,1.0
3284,206486,4,1,1.0
3285,206548,4,1,1.0
3286,206597,4,1,1.0
3287,206635,4,1,1.0
3288,206687,4,1,1.0
3289,206730,4,1,1.0
3290,206791,4,1,1.0
3291,206846,4,1,1.0
3292,206898,4,1,1.0
3293,206956,4,1,1.0
3294,206998,4,1,1.0
3295,207039,4,1,1.0
3296,207096,4,1,1.0
3297,207163,4,1,1.0
3298,207222,4,1,1.0
3299,207260,4,1,1.0
3300,207314,4,1,1.0
3301,207359,4,1,1.0
3302,207392,4,1,1.0
3303,207434,4,1,1.0
3304,207488,4,1,1.0
3305,207549,4,1,1.0
3306,207584,4,1,1.0
3307,207645,4,1,1.0
3308,207693,4,1,1.0
3309,207736,4,1,1.0
3310,207766,4,1,1.0
3311,207812,4,1,1.0
3312,207857,4,1,1.0
3313,207900,4,1,1.0
3314,207937,4,1,1.0
3315,207989,4,1,1.0
3316,208028,4,1,1.0
3317,208070,4,1,1.0
3318,208108,4,1,1.0
3319,208141,4,1,1.0
3320,208190,4,1,1.0
3321,208234,4,1,1.0
3322,208278,4,1,1.0
3323,208318,4,1,1.0
3324,208348,4,1,1.0
3325,208397,4,1,1.0
3326,208448,4,1,1.0
3327,208475,4,1,1.0
3328,208508,4,1,1.0
3329,208552,4,1,1.0
3330,208597,4,1,1.0
3331,208640,4,1,1.0
3332,208686,4,1,1.0
3333,208731,4,1,1.0
3334,208784,4,1,1.0
3335,208820,4,1,1.0
3336,208864,4,1,1.0
3337,208909,4,1,1.0
3338,208970,4,1,1.0
3339,209021,4,1,1.0
3340,209063,4,1,1.0
3341,209111,4,1,1.0
3342,209194,4,1,1.0
3343,209247,4,1,1.0
3344,209296,4,1,1.0
3345,209334,4,1,1.0
3346,209384,4,1,1.0
3347,209421,4,1,1.0
3348,209473,4,1,1.0
3349,209520,4,1,1.0
3350,209591,4,1,1.0
3351,209645,4,1,1.0
3352,209696,4,1,1.0
3353,209725,4,1,1.0
3354,209787,4,1,1.0
3355,209861,4,1,1.0
3356,209927,4,1,1.0
3357,209962,4,1,1.0
3358,210030,4,1,1.0
3359,210080,4,1,1.0
3360,210126,4,1,1.0
3361,210159,4,1,1.0
3362,210206,4,1,1.0
3363,210248,4,1,1.0
3364,210290,4,1,1.0
3365,210351,4,1,1.0
3366,210387,4,1,1.0
3367,210443,4,1,1.0
3368,210487,4,1,1.0
3369,210533,4,1,1.0
3370,210582,4,1,1.0
3371,210633,4,1,1.0
3372,210666,4,1,1.0
3373,210704,4,1,1.0
3374,210776,4,1,1.0
3375,210841,4,1,1.0
3376,210906,4,1,1.0
3377,210941,4,1,1.0
3378,211002,4,1,1.0
3379,211051,4,1,1.0
3380,211091,4,1,1.0
3381,211131,4,1,1.0
3382,211171,4,1,1.0
3383,211211,4,1,1.0
3384,211288,4,1,1.0
3385,211371,4,1,1.0
3386,211417,4,1,1.0
3387,211469,4,1,1.0
3388,211522,4,1,1.0
3389,211558,4,1,1.0
3390,211609,4,1,1.0
3391,211661,4,1,1.0
3392,211729,4,1,1.0
3393,211776,4,1,1.0
3394,211825,4,1,1.0
3395,211880,4,1,1.0
3396,211909,4,1,1.0
3397,211948,4,1,1.0
3398,212024,4,1,1.0
3399,212074,4,1,1.0
3400,212142,4,1,1.0
3401,212190,4,1,1.0
3402,212228,4,1,1.0
3403,212298,4,1,1.0
3404,212368,4,1,1.0
3405,212423,4,1,1.0
3406,212459,4,1,1.0
3407,212488,4,1,1.0
3408,212531,4,1,1.0
3409,212592,4,1,1.0
3410,212630,4,1,1.0
3411,212663,4,1,1.0
3412,212708,4,1,1.0
3413,212759,4,1,1.0
3414,212801,4,1,1.0
3415,212856,4,1,1.0
3416,212908,4,1,1.0
3417,212950,4,1,1.0
3418,213008,4,1,1.0
3419,213064,4,1,1.0
3420,213102,4,1,1.0
3421,213139,4,1,1.0
3422,213175,4,1,1.0
3423,213213,4,1,1.0
3424,213250,4,1,1.0
3425,213282,4,1,1.0
3426,213324,4,1,1.0
3427,213360,4,1,1.0
3428,213402,4,1,1.0
3429,213458,4,1,1.0
3430,213501,4,1,1.0
3431,213547,4,1,1.0
3432,213607,4,1,1.0
3433,213657,4,1,1.0
3434,213697,4,1,1.0
3435,213748,4,1,1.0
3436,213801,4,1,1.0
3437,213840,4,1,1.0
3438,213873,4,1,1.0
3439,213927,4,1,1.0
3440,214002,4,1,1.0
3441,214038,4,1,1.0
3442,214076,4,1,1.0
3443,214123,4,1,1.0
3444,214178,4,1,1.0
3445,214232,4,1,1.0
3446,214273,4,1,1.0
3447,214324,4,1,1.0
3448,214382,4,1,1.0
3449,214424,4,1,1.0
3450,214472,4,1,1.0
3451,214526,4,1,1.0
3452,214561,4,1,1.0
3453,214615,4,1,1.0
3454,214673,4,1,1.0
3455,214706,4,1,1.0
3456,214745,4,1,1.0
3457,214787,4,1,1.0
3458,214827,4,1,1.0
3459,214863,4,1,1.0
3460,214909,4,1,1.0
3461,214958,4,1,1.0
3462,215012,4,1,1.0
3463,215047,4,1,1.0
3464,215085,4,1,1.0
3465,215118,4,1,1.0
3466,215162,4,1,1.0
3467,215210,4,1,1.0
3468,215260,4,1,1.0
3469,215298,4,1,1.0
3470,215385,4,1,1.0
3471,215432,4,1,1.0
3472,215472,4,1,1.0
3473,215507,4,1,1.0
3474,215554,4,1,1.0
3475,215600,4,1,1.0
3476,215649,4,1,1.0
3477,215696,4,1,1.0
3478,215762,4,1,1.0
3479,215801,4,1,1.0
3480,215848,4,1,1.0
3481,215876,4,1,1.0
3482,215933,4,1,1.0
3483,215977,4,1,1.0
3484,216028,4,1,1.0
3485,216087,4,1,1.0
3486,216129,4,1,1.0
3487,216184,4,1,1.0
3488,216254,4,1,1.0
3489,216290,4,1,1.0
3490,216332,4,1,1.0
3491,216378,4,1,1.0
3492,216408,4,1,1.0
3493,216458,4,1,1.0
3494,216497,4,1,1.0
3495,216555,4,1,1.0
3496,216616,4,1,1.0
3497,216676,4,1,1.0
3498,216719,4,1,1.0
3499,216771,4,1,1.0
3500,216849,4,1,1.0
3501,216895,4,1,1.0
3502,216935,4,1,1.0
3503,216972,4,1,1.0
3504,217023,4,1,1.0
3505,217058,4,1,1.0
3506,217107,4,1,1.0
3507,217147,4,1,1.0
3508,217198,4,1,1.0
3509,217231,4,1,1.0
3510,217271,4,1,1.0
3511,217323,4,1,1.0
3512,217383,4,1,1.0
3513,217427,4,1,1.0
3514,217462,4,1,1.0
3515,217512,4,1,1.0
3516,217547,4,1,1.0
3517,217593,4,1,1.0
3518,217637,4,1,1.0
3519,217700,4,1,1.0
3520,217749,4,1,1.0
3521,217797,4,1,1.0
3522,217860,4,1,1.0
3523,217929,4,1,1.0
3524,217959,4,1,1.0
3525,218003,4,1,1.0
3526,218086,4,1,1.0
3527,218123,4,1,1.0
3528,218159,4,1,1.0
3529,218226,4,1,1.0
3530,218279,4,1,1.0
3531,218315,4,1,1.0
3532,218366,4,1,1.0
3533,218417,4,1,1.0
3534,218459,4,1,1.0
3535,218515,4,1,1.0
3536,218558,4,1,1.0
3537,218600,4,1,1.0
3538,218639,4,1,1.0
3539,218679,4,1,1.0
3540,218720,4,1,1.0
3541,218763,4,1,1.0
3542,218809,4,1,1.0
3543,218873,4,1,1.0
3544,218926,4,1,1.0
3545,218983,4,1,1.0
3546,219020,4,1,1.0
3547,219067,4,1,1.0
3548,219111,4,1,1.0
3549,219182,4,1,1.0
3550,219225,4,1,1.0
3551,219279,4,1,1.0
3552,219322,4,1,1.0
3553,219367,4,1,1.0
3554,219417,4,1,1.0
3555,219473,4,1,1.0
3556,219525,4,1,1.0
3557,219575,4,1,1.0
3558,219610,4,1,1.0
3559,219651,4,1,1.0
3560,219683,4,1,1.0
3561,219727,4,1,1.0
3562,219790,4,1,1.0
3563,219819,4,1,1.0
3564,219876,4,1,1.0
3565,219936,4,1,1.0
3566,219968,4,1,1.0
3567,220012,4,1,1.0
3568,220036,4,1,1.0
3569,220082,4,1,1.0
3570,220129,4,1,1.0
3571,220168,4,1,1.0
3572,220209,4,1,1.0
3573,220252,4,1,1.0
3574,220287,4,1,1.0
3575,220339,4,1,1.0
3576,220395,4,1,1.0
3577,220461,4,1,1.0
3578,220501,4,1,1.0
3579,220555,4,1,1.0
3580,220594,4,1,1.0
3581,220633,4,1,1.0
3582,220668,4,1,1.0
3583,220727,4,1,1.0
3584,220774,4,1,1.0
3585,220813,4,1,1.0
3586,220856,4,1,1.0
3587,220899,4,1,1.0
3588,220950,4,1,1.0
3589,221004,4,1,1.0
3590,221038,4,1,1.0
3591,221075,4,1,1.0
3592,221104,4,1,1.0
3593,221153,4,1,1.0
3594,221205,4,1,1.0
3595,221254,4,1,1.0
3596,221300,4,1,1.0
3597,221347,4,1,1.0
3598,221391,4,1,1.0
3599,221425,4,1,1.0
3600,221476,4,1,1.0
3601,221513,4,1,1.0
3602,221577,4,1,1.0
3603,221624,4,1,1.0
3604,221678,4,1,1.0
3605,221726,4,1,1.0
3606,221795,4,1,1.0
3607,221859,4,1,1.0
3608,221926,4,1,1.0
3609,221958,4,1,1.0
3610,221996,4,1,1.0
3611,222048,4,1,1.0
3612,222128,4,1,1.0
3613,222171,4,1,1.0
3614,222213,4,1,1.0
3615,222268,4,1,1.0
3616,222316,4,1,1.0
3617,222373,4,1,1.0
3618,222422,4,1,1.0
3619,222479,4,1,1.0
3620,222519,4,1,1.0
3621,222551,4,1,1.0
3622,222611,4,1,1.0
3623,222642,4,1,1.0
3624,222691,4,1,1.0
3625,222728,4,1,1.0
3626,222768,4,1,1.0
3627,222824,4,1,1.0
3628,222867,4,1,1.0
3629,222905,4,1,1.0
3630,222945,4,1,1.0
3631,223002,4,1,1.0
3632,223038,4,1,1.0
3633,223089,4,1,1.0
3634,223124,4,1,1.0
3635,223162,4,1,1.0
3636,223205,4,1,1.0
3637,223243,4,1,1.0
3638,223283,4,1,1.0
3639,223331,4,1,1.0
3640,223394,4,1,1.0
3641,223441,4,1,1.0
3642,223489,4,1,1.0
3643,223547,4,1,1.0
3644,223587,4,1,1.0
3645,223634,4,1,1.0
3646,223670,4,1,1.0
3647,223725,4,1,1.0
3648,223761,4,1,1.0
3649,223821,4,1,1.0
3650,223870,4,1,1.0
3651,223920,4,1,1.0
3652,223976,4,1,1.0
3653,224025,4,1,1.0
3654,224075,4,1,1.0
3655,224113,4,1,1.0
3656,224155,4,1,1.0
3657,224203,4,1,1.0
3658,224262,4,1,1.0
3659,224310,4,1,1.0
3660,224367,4,1,1.0
3661,224426,4,1,1.0
3662,224461,4,1,1.0
3663,224502,4,1,1.0
3664,224561,4,1,1.0
3665,224613,4,1,1.0
3666,224647,4,1,1.0
3667,224691,4,1,1.0
3668,224725,4,1,1.0
3669,224777,4,1,1.0
3670,224826,4,1,1.0
3671,224863,4,1,1.0
3672,224903,4,1,1.0
3673,224936,4,1,1.0
3674,224998,4,1,1.0
3675,225041,4,1,1.0
3676,225080,4,1,1.0
3677,225130,4,1,1.0
3678,225165,4,1,1.0
3679,225205,4,1,1.0
3680,225256,4,1,1.0
3681,225299,4,1,1.0
3682,225339,4,1,1.0
3683,225398,4,1,1.0
3684,225450,4,1,1.0
3685,225505,4,1,1.0
3686,225561,4,1,1.0
3687,225620,4,1,1.0
3688,225673,4,1,1.0
3689,225720,4,1,1.0
3690,225806,4,1,1.0
3691,225846,4,1,1.0
3692,225888,4,1,1.0
3693,225928,4,1,1.0
3694,226016,4,1,1.0
3695,226060,4,1,1.0
3696,226126,4,1,1.0
3697,226190,4,1,1.0
3698,226233,4,1,1.0
3699,226270,4,1,1.0
3700,226322,4,1,1.0
3701,226363,4,1,1.0
3702,226409,4,1,1.0
3703,226461,4,1,1.0
3704,226508,4,1,1.0
3705,226557,4,1,1.0
3706,226589,4,1,1.0
3707,226635,4,1,1.0
3708,226674,4,1,1.0
3709,226718,4,1,1.0
3710,226777,4,1,1.0
3711,226824,4,1,1.0
3712,226867,4,1,1.0
3713,226911,4,1,1.0
3714,226950,4,1,1.0
3715,226990,4,1,1.0
3716,227029,4,1,1.0
3717,227080,4,1,1.0
3718,227123,4,1,1.0
3719,227157,4,1,1.0
3720,227201,4,1,1.0
3721,227282,4,1,1.0
3722,227327,4,1,1.0
3723,227374,4,1,1.0
3724,227416,4,1,1.0
3725,227455,4,1,1.0
3726,227506,4,1,1.0
3727,227548,4,1,1.0
3728,227592,4,1,1.0
3729,227627,4,1,1.0
3730,227663,4,1,1.0
3731,227704,4,1,1.0
3732,227742,4,1,1.0
3733,227792,4,1,1.0
3734,227838,4,1,1.0
3735,227876,4,1,1.0
3736,227927,4,1,1.0
3737,227978,4,1,1.0
3738,228015,4,1,1.0
3739,228071,4,1,1.0
3740,228127,4,1,1.0
3741,228179,4,1,1.0
3742,228216,4,1,1.0
3743,228265,4,1,1.0
3744,228318,4,1,1.0
3745,228362,4,1,1.0
3746,228398,4,1,1.0
3747,228431,4,1,1.0
3748,228459,4,1,1.0
3749,228511,4,1,1.0
3750,228588,4,1,1.0
3751,228654,4,1,1.0
3752,228695,4,1,1.0
3753,228742,4,1,1.0
3754,228774,4,1,1.0
3755,228843,4,1,1.0
3756,228911,4,1,1.0
3757,228963,4,1,1.0
3758,229052,4,1,1.0
3759,229091,4,1,1.0
3760,229126,4,1,1.0
3761,229162,4,1,1.0
3762,229214,4,1,1.0
3763,229266,4,1,1.0
3764,229331,4,1,1.0
3765,229384,4,1,1.0
3766,229423,4,1,1.0
3767,229465,4,1,1.0
3768,229508,4,1,1.0
3769,229551,4,1,1.0
3770,229608,4,1,1.0
3771,229664,4,1,1.0
3772,229700,4,1,1.0
3773,229733,4,1,1.0
3774,229774,4,1,1.0
3775,229831,4,1,1.0
3776,229901,4,1,1.0
3777,229938,4,1,1.0
3778,229986,4,1,1.0
3779,230036,4,1,1.0
3780,230077,4,1,1.0
3781,230102,4,1,1.0
3782,230138,4,1,1.0
3783,230181,4,1,1.0
3784,230218,4,1,1.0
3785,230285,4,1,1.0
3786,230326,4,1,1.0
3787,230373,4,1,1.0
3788,230428,4,1,1.0
3789,230463,4,1,1.0
3790,230502,4,1,1.0
3791,230539,4,1,1.0
3792,230569,4,1,1.0
3793,230609,4,1,1.0
3794,230645,4,1,1.0
3795,230681,4,1,1.0
3796,230740,4,1,1.0
3797,230782,4,1,1.0
3798,230828,4,1,1.0
3799,230884,4,1,1.0
3800,230927,4,1,1.0
3801,230978,4,1,1.0
3802,231034,4,1,1.0
3803,231073,4,1,1.0
3804,231119,4,1,1.0
3805,231153,4,1,1.0
3806,231243,4,1,1.0
3807,231285,4,1,1.0
3808,231339,4,1,1.0
3809,231370,4,1,1.0
3810,231408,4,1,1.0
3811,231449,4,1,1.0
3812,231486,4,1,1.0
3813,231537,4,1,1.0
3814,231578,4,1,1.0
3815,231615,4,1,1.0
3816,231660,4,1,1.0
3817,231692,4,1,1.0
3818,231736,4,1,1.0
3819,231793,4,1,1.0
3820,231842,4,1,1.0
3821,231901,4,1,1.0
3822,231945,4,1,1.0
3823,231994,4,1,1.0
3824,232054,4,1,1.0
3825,232116,4,1,1.0
3826,232150,4,1,1.0
3827,232188,4,1,1.0
3828,232239,4,1,1.0
3829,232274,4,1,1.0
3830,232320,4,1,1.0
3831,232388,4,1,1.0
3832,232422,4,1,1.0
3833,232473,4,1,1.0
3834,232515,4,1,1.0
3835,232559,4,1,1.0
3836,232609,4,1,1.0
3837,232649,4,1,1.0
3838,232708,4,1,1.0
3839,232743,4,1,1.0
3840,232789,4,1,1.0
3841,232844,4,1,1.0
3842,232891,4,1,1.0
3843,232955,4,1,1.0
3844,233002,4,1,1.0
3845,233085,4,1,1.0
3846,233138,4,1,1.0
3847,233194,4,1,1.0
3848,233250,4,1,1.0
3849,233299,4,1,1.0
3850,233333,4,1,1.0
3851,233371,4,1,1.0
3852,233428,4,1,1.0
3853,233466,4,1,1.0
3854,233508,4,1,1.0
3855,233559,4,1,1.0
3856,233617,4,1,1.0
3857,233667,4,1,1.0
3858,233704,4,1,1.0
3859,233761,4,1,1.0
3860,233813,4,1,1.0
3861,233868,4,1,1.0
3862,233914,4,1,1.0
3863,233949,4,1,1.0
3864,233993,4,1,1.0
3865,234037,4,1,1.0
3866,234072,4,1,1.0
3867,234135,4,1,1.0
3868,234169,4,1,1.0
3869,234217,4,1,1.0
3870,234264,4,1,1.0
3871,234321,4,1,1.0
3872,234372,4,1,1.0
3873,234409,4,1,1.0
3874,234456,4,1,1.0
3875,234491,4,1,1.0
3876,234533,4,1,1.0
3877,234569,4,1,1.0
3878,234608,4,1,1.0
3879,234654,4,1,1.0
3880,234693,4,1,1.0
3881,234737,4,1,1.0
3882,234769,4,1,1.0
3883,234813,4,1,1.0
3884,234858,4,1,1.0
3885,234904,4,1,1.0
3886,234949,4,1,1.0
3887,235060,4,1,1.0
3888,235096,4,1,1.0
3889,235139,4,1,1.0
3890,235188,4,1,1.0
3891,235237,4,1,1.0
3892,235292,4,1,1.0
3893,235330,4,1,1.0
3894,235380,4,1,1.0
3895,235423,4,1,1.0
3896,235465,4,1,1.0
3897,235515,4,1,1.0
3898,235584,4,1,1.0
3899,235638,4,1,1.0
3900,235706,4,1,1.0
3901,235755,4,1,1.0
3902,235801,4,1,1.0
3903,235838,4,1,1.0
3904,235881,4,1,1.0
3905,235933,4,1,1.0
3906,235987,4,1,1.0
3907,236026,4,1,1.0
3908,236111,4,1,1.0
3909,236168,4,1,1.0
3910,236212,4,1,1.0
3911,236250,4,1,1.0
3912,236305,4,1,1.0
3913,236352,4,1,1.0
3914,236403,4,1,1.0
3915,236465,4,1,1.0
3916,236510,4,1,1.0
3917,236572,4,1,1.0
3918,236609,4,1,1.0
3919,236669,4,1,1.0
3920,236721,4,1,1.0
3921,236766,4,1,1.0
3922,236813,4,1,1.0
3923,236864,4,1,1.0
3924,236926,4,1,1.0
3925,236991,4,1,1.0
3926,237043,4,1,1.0
3927,237087,4,1,1.0
3928,237133,4,1,1.0
3929,237191,4,1,1.0
3930,237252,4,1,1.0
3931,237305,4,1,1.0
3932,237348,4,1,1.0
3933,237404,4,1,1.0
3934,237448,4,1,1.0
3935,237497,4,1,1.0
3936,237548,4,1,1.0
3937,237593,4,1,1.0
3938,237647,4,1,1.0
3939,237754,4,1,1.0
3940,237817,4,1,1.0
3941,237872,4,1,1.0
3942,237917,4,1,1.0
3943,237994,4,1,1.0
3944,238045,4,1,1.0
3945,238089,4,1,1.0
3946,238177,4,1,1.0
3947,238212,4,1,1.0
3948,238242,4,1,1.0
3949,238279,4,1,1.0
3950,238330,4,1,1.0
3951,238367,4,1,1.0
3952,238423,4,1,1.0
3953,238476,4,1,1.0
3954,238538,4,1,1.0
3955,238579,4,1,1.0
3956,238632,4,1,1.0
3957,238667,4,1,1.0
3958,238704,4,1,1.0
3959,238764,4,1,1.0
3960,238805,4,1,1.0
3961,238851,4,1,1.0
3962,238898,4,1,1.0
3963,238965,4,1,1.0
3964,239020,4,1,1.0
3965,239067,4,1,1.0
3966,239122,4,1,1.0
3967,239167,4,1,1.0
3968,239196,4,1,1.0
3969,239255,4,1,1.0
3970,239294,4,1,1.0
3971,239334,4,1,1.0
3972,239381,4,1,1.0
3973,239425,4,1,1.0
3974,239465,4,1,1.0
3975,239517,4,1,1.0
3976,239563,4,1,1.0
3977,239606,4,1,1.0
3978,239648,4,1,1.0
3979,239700,4,1,1.0
3980,239754,4,1,1.0
3981,239818,4,1,1.0
3982,239867,4,1,1.0
3983,239903,4,1,1.0
3984,239969,4,1,1.0
3985,240002,4,1,1.0
3986,240048,4,1,1.0
3987,240103,4,1,1.0
3988,240130,4,1,1.0
3989,240170,4,1,1.0
3990,240223,4,1,1.0
3991,240265,4,1,1.0
3992,240305,4,1,1.0
3993,240358,4,1,1.0
3994,240413,4,1,1.0
3995,240450,4,1,1.0
3996,240493,4,1,1.0
3997,240530,4,1,1.0
3998,240590,4,1,1.0
3999,240634,4,1,1.0
4000,240704,4,1,1.0
4001,240753,4,1,1.0
4002,240804,4,1,1.0
4003,240838,4,1,1.0
4004,240886,4,1,1.0
4005,240922,4,1,1.0
4006,240967,4,1,1.0
4007,241019,4,1,1.0
4008,241066,4,1,1.0
4009,241107,4,1,1.0
4010,241168,4,1,1.0
4011,241211,4,1,1.0
4012,241273,4,1,1.0
4013,241325,4,1,1.0
4014,241362,4,1,1.0
4015,241412,4,1,1.0
4016,241455,4,1,1.0
4017,241491,4,1,1.0
4018,241544,4,1,1.0
4019,241597,4,1,1.0
4020,241641,4,1,1.0
4021,241678,4,1,1.0
4022,241738,4,1,1.0
4023,241767,4,1,1.0
4024,241818,4,1,1.0
4025,241867,4,1,1.0
4026,241917,4,1,1.0
4027,241960,4,1,1.0
4028,242015,4,1,1.0
4029,242070,4,1,1.0
4030,242116,4,1,1.0
4031,242170,4,1,1.0
4032,242257,4,1,1.0
4033,242314,4,1,1.0
4034,242381,4,1,1.0
4035,242431,4,1,1.0
4036,242479,4,1,1.0
4037,242523,4,1,1.0
4038,242580,4,1,1.0
4039,242632,4,1,1.0
4040,242676,4,1,1.0
4041,242732,4,1,1.0
4042,242773,4,1,1.0
4043,242807,4,1,1.0
4044,242844,4,1,1.0
4045,242888,4,1,1.0
4046,242938,4,1,1.0
4047,242982,4,1,1.0
4048,243030,4,1,1.0
4049,243073,4,1,1.0
4050,243127,4,1,1.0
4051,243168,4,1,1.0
4052,243217,4,1,1.0
4053,243272,4,1,1.0
4054,243314,4,1,1.0
4055,243370,4,1,1.0
4056,243437,4,1,1.0
4057,243484,4,1,1.0
4058,243539,4,1,1.0
4059,243593,4,1,1.0
4060,243635,4,1,1.0
4061,243683,4,1,1.0
4062,243732,4,1,1.0
4063,243805,4,1,1.0
4064,243870,4,1,1.0
4065,243924,4,1,1.0
4066,243983,4,1,1.0
4067,244025,4,1,1.0
4068,244071,4,1,1.0
4069,244120,4,1,1.0
4070,244170,4,1,1.0
4071,244226,4,1,1.0
4072,244277,4,1,1.0
4073,244333,4,1,1.0
4074,244377,4,1,1.0
4075,244422,4,1,1.0
4076,244477,4,1,1.0
4077,244543,4,1,1.0
4078,244610,4,1,1.0
4079,244661,4,1,1.0
4080,244724,4,1,1.0
4081,244770,4,1,1.0
4082,244830,4,1,1.0
4083,244872,4,1,1.0
4084,244905,4,1,1.0
4085,244947,4,1,1.0
4086,245012,4,1,1.0
4087,245063,4,1,1.0
4088,245104,4,1,1.0
4089,245142,4,1,1.0
4090,245187,4,1,1.0
4091,245228,4,1,1.0
4092,245259,4,1,1.0
4093,245306,4,1,1.0
4094,245346,4,1,1.0
4095,245408,4,1,1.0
4096,245457,4,1,1.0
4097,245500,4,1,1.0
4098,245549,4,1,1.0
4099,245601,4,1,1.0
4100,245630,4,1,1.0
4101,245677,4,1,1.0
4102,245715,4,1,1.0
4103,245752,4,1,1.0
4104,245815,4,1,1.0
4105,245876,4,1,1.0
4106,245923,4,1,1.0
4107,245992,4,1,1.0
4108,246039,4,1,1.0
4109,246087,4,1,1.0
4110,246130,4,1,1.0
4111,246180,4,1,1.0
4112,246211,4,1,1.0
4113,246261,4,1,1.0
4114,246304,4,1,1.0
4115,246347,4,1,1.0
4116,246398,4,1,1.0
4117,246438,4,1,1.0
4118,246484,4,1,1.0
4119,246526,4,1,1.0
4120,246579,4,1,1.0
4121,246612,4,1,1.0
4122,246667,4,1,1.0
4123,246718,4,1,1.0
4124,246770,4,1,1.0
4125,246853,4,1,1.0
4126,246904,4,1,1.0
4127,246946,4,1,1.0
4128,246985,4,1,1.0
4129,247015,4,1,1.0
4130,247075,4,1,1.0
4131,247135,4,1,1.0
4132,247183,4,1,1.0
4133,247226,4,1,1.0
4134,247276,4,1,1.0
4135,247312,4,1,1.0
4136,247352,4,1,1.0
4137,247398,4,1,1.0
4138,247444,4,1,1.0
4139,247495,4,1,1.0
4140,247557,4,1,1.0
4141,247610,4,1,1.0
4142,247651,4,1,1.0
4143,247694,4,1,1.0
4144,247730,4,1,1.0
4145,247764,4,1,1.0
4146,247810,4,1,1.0
4147,247848,4,1,1.0
4148,247902,4,1,1.0
4149,247957,4,1,1.0
4150,248009,4,1,1.0
4151,248080,4,1,1.0
4152,248133,4,1,1.0
4153,248203,4,1,1.0
4154,248245,4,1,1.0
4155,248285,4,1,1.0
4156,248330,4,1,1.0
4157,248368,4,1,1.0
4158,248412,4,1,1.0
4159,248447,4,1,1.0
4160,248491,4,1,1.0
4161,248540,4,1,1.0
4162,248574,4,1,1.0
4163,248628,4,1,1.0
4164,248680,4,1,1.0
4165,248734,4,1,1.0
4166,248793,4,1,1.0
4167,248821,4,1,1.0
4168,248867,4,1,1.0
4169,248914,4,1,1.0
4170,248956,4,1,1.0
4171,249013,4,1,1.0
4172,249052,4,1,1.0
4173,249116,4,1,1.0
4174,249162,4,1,1.0
4175,249232,4,1,1.0
4176,249292,4,1,1.0
4177,249332,4,1,1.0
4178,249380,4,1,1.0
4179,249428,4,1,1.0
4180,249472,4,1,1.0
4181,249524,4,1,1.0
4182,249568,4,1,1.0
4183,249614,4,1,1.0
4184,249657,4,1,1.0
4185,249714,4,1,1.0
4186,249758,4,1,1.0
4187,249807,4,1,1.0
4188,249855,4,1,1.0
4189,249891,4,1,1.0
4190,249933,4,1,1.0
4191,249978,4,1,1.0
4192,250032,4,1,1.0
4193,250088,4,1,1.0
4194,250134,4,1,1.0
4195,250183,4,1,1.0
4196,250238,4,1,1.0
4197,250275,4,1,1.0
4198,250328,4,1,1.0
4199,250378,4,1,1.0
4200,250433,4,1,1.0
4201,250473,4,1,1.0
4202,250529,4,1,1.0
4203,250560,4,1,1.0
4204,250603,4,1,1.0
4205,250663,4,1,1.0
4206,250695,4,1,1.0
4207,250747,4,1,1.0
4208,250798,4,1,1.0
4209,250835,4,1,1.0
4210,250875,4,1,1.0
4211,250945,4,1,1.0
4212,250995,4,1,1.0
4213,251039,4,1,1.0
4214,251074,4,1,1.0
4215,251118,4,1,1.0
4216,251174,4,1,1.0
4217,251263,4,1,1.0
4218,251312,4,1,1.0
4219,251355,4,1,1.0
4220,251390,4,1,1.0
4221,251443,4,1,1.0
4222,251509,4,1,1.0
4223,251552,4,1,1.0
4224,251598,4,1,1.0
4225,251646,4,1,1.0
4226,251685,4,1,1.0
4227,251736,4,1,1.0
4228,251794,4,1,1.0
4229,251838,4,1,1.0
4230,251883,4,1,1.0
