#{"t_start": 1774382778.2117684, "env_id": "None"}
r,l,t
-10.512067,179,9.258574
-8.318587,135,12.806441
-9.671898,182,17.574504
-5.894079,118,20.729756
-9.427364,195,26.211019
-9.112276,167,30.553013
-5.988799,108,33.453198
-6.241151,132,36.654572
-9.282527,117,38.826736
-9.303284,183,42.13526
-6.290467,169,44.757349
-5.650812,143,47.407535
-8.436147,164,51.090204
-9.245028,142,58.018524
-7.615501,172,61.854087
-10.888851,202,65.856695
-5.876592,141,68.425616
-7.691105,177,71.601813
-8.603809,153,75.499038
-7.566016,184,80.411141
-9.094637,181,84.878155
-12.053949,123,87.837608
-8.046319,149,92.034435
-9.588197,168,96.277715
-16.016559,207,102.174579
-9.248644,174,109.154245
-6.813568,155,113.560116
-7.251849,135,117.502069
-7.980776,199,123.134717
-5.149025,149,127.422409
-6.271637,143,131.669809
-7.143145,159,135.989953
-18.967309,205,142.41252
-6.07409,121,146.171584
-10.071623,166,151.205779
-4.182999,110,154.60664
-8.048869,148,159.369901
2.862361,137,163.555293
-7.780682,197,171.197287
-15.677118,146,175.6559
-8.765768,142,179.950689
-6.246408,133,183.940347
-6.198691,154,188.678444
-10.959187,209,195.127603
-6.364707,131,198.990558
-7.084547,159,203.589889
-6.33562,126,207.437732
-4.402171,128,211.424531
-4.46007,113,214.710728
-5.608724,133,218.785514
-9.465674,206,225.051057
-7.265396,166,230.223745
-4.572175,123,235.728389
-6.119757,200,241.572088
-5.650595,173,246.731682
-9.816995,199,252.752297
-6.365948,147,256.994902
-5.610636,122,260.57633
-8.198701,188,265.848404
-6.96966,141,269.821678
-6.373104,111,273.244148
-6.855153,176,278.297042
-7.79376,130,282.175465
-6.27885,124,285.824389
-6.972901,180,291.204781
-10.001441,186,298.484519
-7.682782,153,302.816795
-7.241011,113,306.172908
-8.410906,209,312.230212
-4.921421,125,315.783731
-7.2643,152,319.665676
-9.911338,180,324.843963
-8.06794,202,330.481932
-4.943237,157,335.152392
6.739845,124,338.630548
-5.938799,181,344.036788
-6.239047,129,347.811162
-8.064864,142,352.21381
-3.528202,117,357.753371
-6.361643,181,363.122599
-7.696589,201,369.028595
-9.2769,201,375.119014
-4.887358,167,380.05789
-5.253786,139,383.814006
-7.505765,166,388.645436
-5.986144,124,392.185434
-8.951132,207,397.490178
-5.179308,161,401.896398
-3.562885,126,405.358814
-6.075792,180,410.136979
-5.562839,180,416.850186
-17.473309,184,421.68549
-7.117408,171,426.117512
-8.01062,194,431.520852
-6.946885,187,437.002584
-6.841775,198,442.865259
-6.457659,206,449.030554
-5.667534,163,453.501955
-5.814948,169,458.152285
-4.404761,120,461.648428
-5.956256,121,465.145211
-6.249615,194,470.5658
-6.714546,173,477.268765
-5.527854,164,481.789402
-6.056046,174,486.481951
-9.313869,199,491.642326
-4.884664,123,495.151698
-4.526029,164,500.02999
-4.753475,173,505.067108
-7.402798,198,510.695847
-5.035703,169,515.788539
-4.388692,119,519.407685
-4.800947,153,523.650585
-4.366416,114,526.865825
4.368423,176,531.798996
-5.726225,164,538.769421
-5.387268,115,542.073641
-6.945732,164,546.669388
-10.404867,203,552.534046
-7.668793,168,556.167231
-8.739819,201,559.964629
-6.269475,150,564.027523
-4.360953,159,568.198723
-8.645759,135,571.969736
-3.536937,117,574.310202
-6.753887,146,577.500447
-7.729767,188,583.280097
-3.30605,120,586.634622
-4.81899,156,593.231832
-5.327031,195,598.751076
-4.809333,186,602.753711
-4.003094,185,607.739823
-6.810127,154,612.036766
-6.608876,146,616.198333
6.590762,128,619.966618
-8.336931,190,625.556415
-5.508128,179,630.694405
-5.950441,205,637.168951
-3.688138,132,640.95803
-6.92785,205,646.883045
2.023834,153,653.043867
-6.613008,106,656.155492
-5.000018,150,660.744885
-7.682171,190,666.603151
6.12059,179,672.215112
-5.984861,192,678.102704
-5.306674,110,681.500858
-4.208368,107,684.386103
-3.751286,109,687.654935
-6.065423,191,693.217609
-6.531108,147,697.422678
-5.835711,191,703.058213
-3.609524,163,707.894015
-6.392577,112,711.057721
-3.255137,111,716.213744
-5.465305,143,720.577707
-7.912394,158,725.236797
-9.167732,186,731.309516
8.440141,90,733.871552
5.879088,185,739.246244
-4.380102,143,743.253848
-3.50839,118,746.684703
-5.237803,199,752.659086
-7.298319,115,755.852384
7.240114,117,759.274882
-5.644429,202,765.278854
-4.377134,133,769.197579
7.468206,142,773.478404
-4.761778,140,779.852643
6.865416,122,783.153392
-9.599239,182,788.637584
-4.632946,171,793.633402
-3.179536,105,796.682202
4.181072,184,802.427625
-2.8327,131,806.086365
-4.912568,136,810.017981
-3.532495,182,815.332042
-2.602811,167,820.435884
7.58227,123,824.270672
-3.94869,110,827.477971
-4.47899,195,833.681763
-3.315316,152,840.429992
4.258218,166,844.687258
5.581808,120,848.19225
-6.547119,141,852.339613
-9.014699,111,855.681135
-6.161922,140,859.698268
7.366385,143,863.618069
5.306464,178,868.822981
5.145737,155,873.529573
-15.750865,110,876.642743
6.068374,133,880.415998
5.803295,118,883.661238
5.124987,156,888.050028
7.330703,142,891.967279
-8.22052,193,897.529695
-3.886977,131,903.275433
7.130381,139,907.34244
-4.177225,201,913.04013
-4.278671,113,916.266392
7.997896,99,918.976491
7.063677,92,921.694277
-3.232931,114,924.900862
-5.667439,139,928.742385
-2.915627,112,931.833786
-11.054065,196,937.270347
-5.030082,175,942.089571
-6.889372,177,947.026828
5.562257,137,950.871178
2.409691,134,954.697444
-4.460116,160,961.384993
-3.622611,200,966.735169
-5.855978,173,971.852417
5.373171,118,975.196569
7.871602,98,977.865278
5.883172,108,980.986505
-5.039375,162,985.921071
6.710235,107,989.032003
8.109115,99,992.013833
5.45815,139,996.150652
-10.536945,203,1001.714536
-5.533704,154,1005.824006
5.307763,118,1008.903907
-3.123293,129,1012.335403
4.34983,176,1016.642872
-9.35283,205,1023.850041
-12.30827,204,1029.211618
-7.181465,189,1034.043523
-4.611116,193,1039.315033
5.595177,175,1044.086037
-5.083762,184,1049.455507
8.101069,95,1052.419189
-9.765186,193,1058.092984
-5.918489,179,1063.040922
-4.287877,137,1067.261078
-4.503051,141,1071.187686
-5.090707,195,1076.071112
6.285325,122,1079.087076
7.437002,93,1081.823397
-2.97965,124,1085.796906
-7.47549,154,1090.166146
-2.571975,167,1095.142847
6.92604,126,1099.309374
7.776879,65,1101.303428
-4.773178,161,1106.183591
-1.954185,115,1109.509915
-6.906125,207,1116.13122
-7.000685,171,1121.613486
-5.025375,126,1125.590086
3.792507,166,1131.014727
-6.26144,192,1136.873572
-5.677933,170,1143.88383
8.613227,73,1145.991063
-3.84697,151,1150.941678
7.135936,116,1154.535336
-10.530393,188,1160.44471
7.024626,133,1164.73117
-11.426466,193,1170.705675
8.440525,109,1174.126009
3.695497,114,1177.615346
5.917416,136,1181.760421
-3.126764,138,1185.930339
5.110581,118,1189.591702
6.418092,122,1193.237812
7.550955,156,1197.28215
-4.735664,107,1200.207165
8.753964,102,1205.032012
7.164637,134,1208.996708
6.176293,102,1212.007766
8.617206,48,1213.37568
-3.717936,110,1216.385664
-10.649574,158,1220.982049
5.442182,137,1224.897802
7.680989,127,1228.600931
7.341223,136,1232.311127
-5.461773,157,1236.893096
-2.854155,108,1240.020618
8.328983,98,1242.864939
7.142826,130,1246.749145
-3.541948,107,1249.937061
7.916547,62,1251.784909
7.125511,136,1255.802869
9.417204,62,1257.650387
5.989085,187,1263.239542
1.602323,103,1268.258851
8.541528,101,1271.312205
7.808026,72,1273.675952
7.346188,95,1276.498475
-2.054945,105,1279.60595
5.598359,171,1284.719734
-2.755457,113,1288.147135
-4.316496,118,1291.549838
6.080235,150,1296.041473
6.462598,125,1299.658391
-6.526052,183,1305.385488
5.777882,132,1309.214394
4.39851,165,1313.910072
5.919647,148,1318.247069
8.802189,46,1319.68269
8.746323,106,1322.765538
-6.992327,202,1330.780336
-6.973036,175,1336.202326
7.114405,144,1340.441675
8.884409,66,1342.520542
-4.473528,121,1346.027524
6.447264,147,1350.323274
5.517386,135,1353.85806
7.769441,112,1356.62038
9.000303,88,1359.235996
7.499716,124,1362.717654
8.927287,112,1365.671713
6.105424,167,1370.595849
7.366035,74,1372.946452
-5.340371,152,1377.494392
-23.012934,201,1383.196414
8.643911,76,1385.19984
6.394928,148,1391.599632
8.398553,111,1394.675735
7.796321,78,1396.776717
7.41023,89,1399.376743
-3.708851,164,1404.118582
-4.593235,146,1408.253463
7.526025,126,1411.94223
8.872459,73,1413.774354
8.891296,72,1415.657612
7.339755,117,1418.791977
-3.631685,109,1421.985044
9.193213,71,1424.111351
-3.750111,99,1426.853782
7.996955,113,1430.061666
8.785163,121,1433.66643
-2.607606,136,1437.467103
7.712651,72,1439.586957
9.920504,33,1440.555756
5.104023,77,1442.79424
9.359158,78,1444.894969
6.294427,127,1450.334235
7.010112,99,1453.231454
6.02715,169,1457.766744
6.542312,117,1461.018287
5.992901,97,1463.897841
4.941811,135,1467.991033
5.924355,89,1470.678976
7.96051,98,1473.77257
7.230688,96,1476.556803
-4.814448,146,1480.899084
8.31454,124,1484.679752
9.009272,78,1487.090626
9.438702,73,1489.310605
7.015494,93,1491.973749
4.496309,130,1495.941666
8.503354,55,1497.560569
0.60432,113,1500.778777
-5.137636,179,1505.945672
7.153452,116,1509.464836
5.300605,128,1515.244885
7.306698,100,1518.17653
7.831839,101,1521.101865
9.196537,76,1523.102439
8.571676,70,1524.958942
9.76968,43,1526.134662
6.869032,147,1530.371923
8.710582,88,1532.749551
8.269064,69,1534.650861
9.816667,50,1536.081249
8.913487,105,1539.31358
8.828154,91,1542.036537
8.41284,68,1544.06363
9.04004,67,1545.852515
9.673188,68,1547.780582
-4.294962,147,1552.033607
4.598174,129,1555.5271
7.969726,97,1558.109036
7.784294,131,1561.972074
6.633313,84,1564.441927
-3.636831,119,1567.864356
3.578843,126,1573.757274
9.128539,62,1575.721226
7.401519,105,1578.904883
8.338765,76,1581.434733
2.768627,136,1585.511309
7.285471,134,1589.23329
-3.269818,112,1592.703528
-5.115481,138,1597.269886
-5.975927,184,1603.159428
-6.106266,172,1608.340386
6.864329,151,1613.151685
8.609035,86,1615.977003
4.465951,99,1619.152663
5.75017,149,1623.619542
8.435061,89,1626.483955
9.531065,72,1628.684258
3.392396,111,1632.049896
8.533897,108,1635.231852
8.829761,118,1640.648972
10.153882,33,1641.729792
8.306082,79,1644.211334
9.332136,64,1646.197148
6.780187,124,1650.241228
9.277358,82,1652.69136
6.884842,119,1655.944264
6.458835,94,1658.725939
5.51647,78,1660.932814
9.658505,64,1662.829574
8.001186,88,1665.371598
-2.908917,141,1669.453505
8.735781,74,1671.606793
9.776608,56,1673.355221
8.988975,101,1676.286587
9.1534,77,1678.625585
6.619283,78,1680.899611
10.001361,44,1682.310606
9.141817,66,1684.19821
-4.156242,139,1688.360967
9.305117,53,1689.982286
-3.047395,138,1694.082917
-4.360072,122,1696.499596
9.21487,65,1698.633241
9.376118,60,1699.957337
6.747987,103,1702.409407
7.634137,117,1705.188061
9.876117,71,1706.794012
9.14428,87,1709.212245
8.404399,125,1712.880704
7.85639,103,1715.953292
9.291291,69,1717.914347
8.800222,71,1720.06659
8.084612,116,1723.542112
5.870794,150,1727.909371
9.31408,44,1729.179159
9.671641,66,1731.066257
8.281931,128,1734.805354
-5.997879,151,1739.217956
9.237462,52,1740.684148
8.41522,107,1743.786047
-3.766471,115,1747.244009
9.221776,91,1749.988694
8.739692,61,1751.780909
10.272719,30,1752.734677
9.566518,88,1755.306616
8.644941,85,1758.285892
9.234651,87,1760.811862
9.151229,66,1762.80779
9.990334,40,1763.981445
8.862267,57,1765.724541
9.308803,92,1768.457787
7.697075,58,1770.044353
9.118495,69,1772.133624
7.124674,104,1775.065554
6.676723,138,1779.130727
9.174617,60,1780.83713
7.088656,149,1784.968464
10.149075,77,1787.183624
10.197039,44,1788.344478
8.848896,92,1791.032699
9.842739,45,1792.401714
8.161507,55,1793.942834
8.755567,80,1796.252137
8.787229,66,1798.176829
5.742883,104,1801.253009
6.339871,145,1805.425522
7.137632,89,1808.129859
7.787314,78,1810.297058
8.184507,114,1813.554865
7.802957,106,1817.423251
7.776835,125,1821.038691
7.219243,110,1824.156004
10.726722,38,1825.310012
9.02298,72,1827.328985
6.748106,103,1830.381605
9.298252,58,1832.111553
7.787337,73,1834.168692
9.432585,55,1835.758859
8.988496,107,1838.959533
8.28756,88,1841.499529
9.657694,68,1843.366702
6.896618,96,1846.263544
9.948831,46,1847.521646
7.523671,97,1850.203606
8.338224,97,1852.96085
6.923089,107,1856.096691
8.608257,57,1857.721129
10.02738,36,1858.704037
10.263719,29,1859.517395
9.758818,52,1861.115255
8.856129,79,1863.386665
8.280805,94,1865.976364
8.534194,66,1867.896282
9.455404,58,1869.583655
9.219855,47,1870.95683
8.337125,78,1873.300231
9.382278,87,1876.505219
7.719709,100,1879.290255
9.501452,39,1880.3013
10.3703,44,1881.454066
7.430175,87,1883.889544
9.337848,46,1885.216881
9.352437,75,1887.425308
9.733465,39,1888.585074
9.455829,57,1890.278741
8.268163,111,1893.466909
7.322675,70,1895.46548
1.384457,195,1901.224679
4.147523,132,1905.048809
9.329527,64,1906.886157
10.199058,79,1909.153748
8.595502,52,1910.730496
9.314944,72,1912.946589
10.170002,42,1914.173446
9.31512,65,1916.12779
10.036704,57,1917.828443
9.262831,66,1919.753607
4.853163,60,1921.581253
7.845266,104,1924.629936
9.180942,68,1926.657157
-3.263315,116,1930.181164
8.930311,74,1932.42896
8.97073,64,1934.23524
8.920717,71,1937.182371
8.924675,87,1939.711954
10.115099,47,1941.127491
9.99951,71,1943.326926
8.903567,65,1944.979903
-6.267882,105,1947.985842
9.516772,57,1949.697002
5.989029,116,1953.159382
9.853411,53,1954.669799
8.924164,96,1957.562019
9.394364,54,1959.104109
9.872283,56,1960.835828
9.410743,57,1962.519258
10.27824,26,1963.314725
9.256645,55,1964.872812
9.920292,31,1965.777245
9.810729,73,1967.981109
7.601707,86,1970.366344
9.869997,84,1972.739893
10.277455,57,1974.266896
5.990282,109,1977.404872
9.551624,65,1979.165503
10.386082,49,1980.407106
10.096656,72,1982.591983
8.616099,110,1985.786933
9.850914,60,1987.641563
9.126083,66,1989.491806
-3.889435,132,1993.417832
7.208716,105,1997.022281
10.24346,60,1998.684455
9.617518,55,2000.229851
9.874045,51,2001.782603
8.397446,113,2004.973225
8.56879,75,2007.239172
9.540948,45,2008.517933
8.018855,96,2011.34359
-4.494293,171,2016.274749
6.271036,68,2018.309065
10.798429,61,2019.992964
6.823156,113,2023.160763
9.334477,77,2024.593551
8.724612,107,2027.654436
9.331656,101,2030.531704
8.893216,76,2032.847246
9.499177,62,2034.545069
8.267736,86,2037.14515
9.177592,30,2038.062978
8.694447,90,2040.510965
6.952612,111,2043.552449
10.12923,63,2045.129265
9.965904,51,2046.601036
8.645905,116,2049.973539
9.321626,62,2051.786356
8.086534,36,2052.828759
9.397016,60,2055.30245
10.425805,27,2055.866281
9.638745,76,2058.003799
9.639717,92,2060.581926
9.980926,36,2061.654725
6.639569,68,2063.664723
10.035305,31,2064.43107
8.971138,91,2067.150078
9.725282,85,2069.539387
8.766156,58,2071.270317
9.913268,79,2073.58884
10.345142,57,2075.188658
9.172663,46,2076.680928
10.146165,38,2077.956414
9.684364,45,2079.425564
10.280457,55,2081.134228
10.642898,42,2082.417822
9.471607,87,2085.004779
9.229847,59,2086.69166
7.108876,84,2089.080661
8.232074,71,2091.255058
10.053283,66,2093.162059
9.996889,48,2094.433512
9.165057,39,2095.653776
10.422714,42,2096.906108
8.579733,135,2100.852425
9.231149,54,2102.465425
10.038089,87,2105.325802
7.312335,128,2108.956776
9.854807,45,2110.316356
9.731045,72,2112.456403
9.772633,61,2114.26626
9.251209,62,2118.180062
9.61495,90,2120.822344
9.869752,54,2122.508441
8.526434,123,2126.111715
7.936896,100,2129.062007
9.014737,79,2131.47345
10.316338,46,2132.766589
9.069579,60,2134.580889
9.936037,38,2135.669112
8.337087,129,2139.24637
9.603384,74,2141.468163
10.006619,77,2143.674799
9.737681,62,2145.458486
8.516066,87,2148.217837
8.560183,97,2150.96878
9.669315,63,2153.057841
10.02082,58,2154.832466
9.606784,66,2156.723421
8.746504,86,2159.385442
8.703647,62,2161.323404
4.861316,77,2163.775455
10.139043,47,2165.231095
9.069858,58,2167.061934
7.751827,120,2170.741425
8.196193,73,2172.925199
8.127916,93,2175.734611
9.80559,39,2176.822687
8.469916,75,2181.315357
3.783441,86,2183.67398
9.936171,59,2185.398289
8.274149,108,2188.650785
10.526116,38,2189.826652
10.226836,38,2191.054882
10.404132,33,2192.096612
10.342827,52,2193.755065
9.702505,85,2196.359637
9.197321,56,2198.249393
10.311434,51,2199.67187
9.162592,93,2202.559512
-2.780524,139,2206.525413
3.663374,109,2209.873881
7.500342,70,2212.059688
6.734104,93,2214.827964
10.597628,51,2216.476027
7.372806,72,2218.722016
10.131053,65,2220.744656
9.781261,47,2222.158554
9.375901,42,2223.504894
9.233523,38,2224.600143
10.769695,48,2226.13713
10.281416,35,2227.277492
10.061925,46,2228.685295
9.062302,65,2230.60813
9.935672,58,2232.552087
9.433643,67,2234.483748
9.898601,55,2235.969145
9.687088,72,2237.906014
9.431258,43,2239.215187
8.045703,62,2241.085611
10.090177,68,2245.260383
10.252792,48,2246.426635
10.112706,50,2247.891998
9.667109,73,2250.039532
8.795949,77,2252.265491
9.618677,58,2253.890687
10.206931,33,2254.867928
10.152887,64,2256.718646
9.402545,39,2257.942332
9.88774,46,2259.178472
8.352556,104,2262.304849
8.157942,92,2265.295932
9.935038,50,2266.888414
9.941295,44,2268.105221
10.561884,51,2269.429512
9.475379,75,2271.677907
9.257588,84,2274.060642
10.132351,84,2276.64975
9.041117,75,2278.951162
9.424327,78,2281.482275
9.681836,53,2283.040415
9.363227,62,2284.853075
10.056207,60,2286.711137
9.213664,102,2289.881933
9.388853,77,2292.302118
10.694353,39,2293.43904
10.2202,58,2295.278004
11.003743,51,2296.807136
8.083885,86,2299.518682
8.975366,89,2301.959009
10.31946,37,2303.07253
9.977341,49,2304.680988
8.161344,73,2309.118877
10.159531,65,2310.989244
9.550363,71,2313.32309
7.740977,149,2317.59209
10.254378,28,2318.394513
10.051372,37,2319.368255
9.827846,47,2320.603518
7.89489,135,2324.718888
10.624579,51,2326.290633
10.30928,47,2327.634632
10.243087,37,2328.650933
9.616657,78,2330.991173
10.007512,68,2332.80836
9.826347,68,2334.600042
10.597777,33,2335.560554
9.950459,51,2336.98862
10.049146,61,2338.745336
3.855367,58,2340.410889
8.899033,71,2342.424876
8.053334,97,2345.11178
9.752703,66,2347.077427
10.723224,47,2348.498278
10.441311,46,2349.744812
9.820504,75,2352.149493
10.160092,55,2353.745238
9.833564,65,2355.467592
7.123652,113,2358.792575
8.524372,97,2361.680498
9.740664,47,2362.899009
10.005474,24,2363.646015
7.877468,60,2365.287024
10.688755,32,2365.996005
10.167053,53,2369.435524
9.470397,46,2370.619229
9.479282,69,2372.686647
10.667509,56,2374.217096
10.513538,56,2375.777148
10.301029,35,2376.877038
8.896291,95,2379.473277
10.430377,44,2380.640344
9.08155,55,2382.229745
10.453532,56,2383.870255
9.529917,65,2385.590928
10.517135,30,2386.426012
9.634537,72,2388.393831
9.295333,66,2390.218746
10.507891,85,2392.573595
9.893187,63,2394.37642
9.727728,62,2396.102343
8.010196,112,2399.036946
9.967198,76,2401.110944
10.054611,40,2402.217484
9.995917,34,2403.2269
10.743161,62,2404.892119
8.751943,74,2407.142426
9.432921,49,2408.524733
9.849849,68,2410.479511
10.435766,32,2411.454465
10.560025,26,2412.202163
9.950712,63,2414.184581
9.857298,58,2416.066926
10.155341,60,2417.831891
10.139505,62,2419.566786
9.797335,67,2421.473939
8.963951,54,2423.065476
9.445549,61,2424.945598
9.932026,64,2426.886351
10.19903,48,2430.341975
9.642062,54,2431.641922
9.894707,42,2432.824956
4.024846,110,2436.166418
10.505867,38,2437.318503
6.762284,71,2439.394673
10.602733,43,2440.59055
10.591232,46,2441.972733
10.447894,46,2443.434384
9.882126,28,2444.300624
10.004506,65,2446.275521
10.79472,40,2447.369872
8.609498,77,2449.82801
9.871681,31,2450.746104
9.852122,37,2451.777661
11.038694,52,2453.441506
9.928468,49,2454.83303
9.467642,64,2456.669896
10.122237,39,2457.721976
10.392704,38,2458.901779
10.104875,57,2460.634434
8.520493,66,2462.488061
9.967118,55,2463.924778
9.447951,72,2465.907171
10.784993,53,2467.398116
10.26613,50,2468.768744
10.307095,34,2469.69308
10.677332,47,2471.034651
9.458137,61,2472.860734
9.209364,63,2474.612507
9.703228,63,2476.325732
9.755215,59,2478.064822
9.762676,48,2479.484729
10.393348,50,2481.085848
8.017451,76,2483.192184
10.153289,72,2485.168912
6.807703,87,2487.634148
10.153509,56,2491.376542
8.668538,44,2492.672089
10.913284,50,2494.304897
8.535146,83,2496.395205
10.937506,50,2497.700228
11.026485,45,2498.985812
9.583552,66,2501.016757
10.0148,83,2503.549117
8.709905,77,2505.867026
9.775725,48,2507.254634
10.623111,38,2508.455354
8.262463,79,2510.705201
10.855471,57,2512.386793
10.252997,55,2514.084843
8.862078,91,2516.826348
10.299525,52,2518.485198
9.463757,94,2521.094742
10.479003,36,2522.277845
5.662821,61,2524.048157
10.12955,83,2526.403811
-28.053066,108,2529.065882
9.694669,45,2530.345022
10.609426,38,2531.491078
9.963054,63,2533.557202
10.67893,42,2534.774462
6.809918,64,2536.803018
10.38553,56,2538.71071
8.956952,74,2540.964464
9.545029,44,2542.302051
9.223269,74,2544.515061
10.90323,41,2545.790805
10.452004,36,2546.906833
10.699664,49,2548.402257
9.681219,42,2549.690576
9.041643,44,2551.04656
10.576406,65,2555.105541
9.94456,65,2557.016185
10.411034,36,2558.222608
10.26065,45,2559.559871
9.824401,32,2560.471875
10.400456,37,2561.518045
10.236537,37,2562.601158
10.587408,46,2564.094709
9.717326,75,2566.303218
9.156847,77,2568.798514
10.302247,33,2569.847265
10.252849,24,2570.503659
8.946975,73,2572.99827
10.64736,20,2573.57139
10.740404,50,2575.108389
10.490231,32,2576.134474
10.410301,61,2578.20506
10.238916,43,2579.639085
9.699274,52,2581.240199
9.708588,38,2582.356567
9.787614,50,2583.931521
10.167142,73,2586.165959
10.032729,48,2587.640869
10.731621,47,2589.109159
7.861504,91,2591.942753
10.542873,42,2593.075776
10.161248,37,2594.137145
9.453213,66,2596.162053
10.653549,63,2598.151536
10.773808,37,2599.297708
10.308536,47,2600.651874
10.044999,35,2601.775294
10.646083,49,2603.28794
10.711881,39,2604.483182
10.754021,43,2605.806202
10.331496,44,2607.204424
9.908556,39,2608.257878
9.616029,43,2609.659883
10.791672,50,2611.219399
10.070541,32,2612.131921
11.109678,55,2613.659623
10.964803,47,2615.123703
10.564776,54,2618.939529
8.761072,83,2621.413419
10.579367,30,2622.3537
9.901807,34,2623.357144
10.007224,58,2625.075185
10.360414,50,2626.445758
9.981294,24,2627.008647
9.666426,58,2628.694713
8.915158,74,2630.985716
10.806054,40,2632.156486
10.353643,64,2634.020441
10.21623,29,2634.884976
10.295755,43,2636.296872
9.194925,73,2638.580496
9.646836,57,2640.454486
9.759712,55,2642.155465
11.042567,47,2643.535952
10.109006,45,2644.930831
10.412025,37,2646.094743
10.238576,50,2647.611894
9.602131,71,2649.682673
9.791267,44,2651.179572
8.052868,68,2653.200186
10.298231,38,2654.319084
9.713887,72,2656.349779
10.634464,47,2657.624344
10.084588,48,2658.948436
10.114831,41,2660.0755
10.880832,41,2661.266333
9.911813,53,2662.854795
9.913043,45,2664.318877
10.104703,20,2664.940504
9.196613,93,2667.695551
10.638484,38,2668.671094
6.657678,82,2671.104645
11.052694,53,2672.801752
10.437041,29,2673.671419
10.630943,41,2674.954475
10.246752,64,2676.629605
10.484295,35,2677.582242
7.508941,94,2682.546438
10.371043,61,2684.158627
10.355064,23,2684.832142
-4.868666,154,2689.635389
10.612583,30,2690.453867
11.078052,47,2691.693727
10.800332,21,2692.340181
7.086794,75,2694.641325
10.550164,36,2695.686628
10.4903,47,2697.191127
10.132174,27,2697.950083
9.941865,64,2699.998213
10.25665,74,2702.116391
7.221508,64,2703.920136
9.855166,51,2705.380978
8.655874,61,2707.239372
9.531913,77,2709.678335
10.065684,74,2712.059074
10.014049,38,2713.189604
10.048414,31,2714.118311
10.782617,43,2715.301522
9.847205,51,2716.865887
10.519076,56,2718.573443
10.542733,31,2719.557211
9.323463,82,2721.929267
10.275239,54,2723.384589
10.126924,30,2724.228838
9.694989,30,2725.118083
10.405153,28,2725.89974
10.125973,29,2726.785443
10.32757,27,2727.621058
9.854527,52,2729.140737
10.562973,20,2729.780472
10.441081,44,2731.043963
10.52623,35,2732.087753
9.583062,62,2734.136957
9.7337,83,2736.395132
10.778648,54,2737.934315
10.164131,38,2739.000255
10.680063,29,2739.762847
6.792701,78,2742.092077
10.71979,55,2745.807
10.023927,41,2747.096219
10.608489,40,2748.283843
10.39438,75,2750.577758
9.909766,43,2751.859807
8.872513,68,2753.971077
10.245688,57,2755.672985
10.405595,65,2757.422038
11.051063,37,2758.562618
9.774773,43,2759.882899
10.675053,39,2761.068999
9.821029,68,2763.162827
10.099273,27,2764.042032
9.647995,61,2765.885123
9.481375,49,2767.316348
10.900277,28,2768.23751
10.487153,52,2769.812725
9.966651,51,2771.444021
10.16134,35,2772.520051
8.31434,46,2773.934216
10.857259,46,2775.260677
10.990771,45,2776.659243
10.670995,42,2777.854122
10.736617,45,2779.234184
10.266933,24,2779.915045
10.51019,84,2782.586899
11.02818,45,2783.898081
9.269745,74,2786.034243
10.222894,37,2787.050922
10.732927,52,2788.425596
10.078364,37,2789.474824
10.383616,40,2790.597842
10.655567,55,2792.169766
10.196869,62,2794.036328
10.472034,56,2795.732932
9.888154,45,2797.022771
10.117541,58,2798.577479
9.692744,55,2800.154485
10.647559,37,2801.216454
10.55897,46,2802.605551
10.42291,29,2803.476389
10.805205,35,2804.503925
10.711886,15,2804.921923
10.517595,37,2808.290611
10.322271,47,2809.627172
10.427088,33,2810.668157
10.815543,24,2811.481035
10.030866,49,2812.999269
10.284179,43,2814.458249
10.008823,36,2815.460734
10.064665,44,2816.833572
10.74207,46,2818.187384
10.027336,76,2820.185237
10.114104,42,2821.326086
10.500467,26,2822.026851
8.989225,45,2823.399921
10.368491,21,2824.015695
11.063899,47,2825.356631
9.888212,80,2827.615992
10.763073,50,2829.08065
10.828535,32,2830.082944
7.996622,61,2831.885346
10.571574,60,2833.554634
-1.388685,115,2837.001062
10.130997,79,2839.265369
10.389213,38,2840.366808
10.891913,27,2841.131325
10.423819,32,2842.120481
10.955111,47,2843.33666
10.304195,53,2844.747976
10.552347,33,2845.62098
10.856099,38,2846.686845
10.19774,36,2847.751946
10.131945,28,2848.72089
9.904404,61,2850.467085
10.328975,26,2851.31587
10.608578,46,2852.524119
10.160414,43,2853.690605
9.91543,59,2855.347794
10.220813,16,2855.830623
9.493247,54,2857.428093
10.670353,34,2858.409576
10.049911,46,2859.677425
9.887961,54,2861.112767
10.434708,50,2862.484706
10.849002,44,2863.648191
10.277295,54,2865.130958
10.362445,38,2866.212606
10.766746,44,2869.630956
10.691149,29,2870.443993
9.797558,66,2872.369616
11.044212,28,2873.231979
10.726159,26,2873.915567
9.282417,63,2875.740638
9.431557,73,2877.76763
10.026629,24,2878.481439
9.159213,46,2879.812834
10.343604,34,2880.799591
10.263327,78,2882.95477
10.100716,43,2884.211601
9.99969,74,2886.074095
10.732696,38,2887.103172
9.731842,47,2888.469794
10.3041,33,2889.474668
10.274622,48,2890.848466
10.690816,23,2891.611052
10.938263,36,2892.622488
9.967903,55,2894.27017
9.866738,65,2895.989738
9.107605,85,2898.552723
9.920349,64,2900.461294
10.829362,49,2901.880617
10.045205,35,2902.895873
9.218325,65,2904.77326
9.931702,54,2906.492582
10.211022,29,2907.292974
10.600313,33,2908.274049
9.266733,42,2909.48264
10.29567,30,2910.432631
10.302141,39,2911.569748
10.825057,44,2912.834699
10.84724,47,2914.298352
7.637776,63,2916.144903
10.333286,57,2917.765448
10.46702,17,2918.223806
9.526935,66,2919.865345
10.592567,24,2920.587518
9.307624,42,2921.967097
10.701267,58,2923.722409
10.186807,59,2925.482322
7.200784,53,2926.972121
10.418566,32,2927.905058
10.459342,33,2930.941952
10.552429,41,2932.03486
10.787689,47,2933.408706
9.518066,57,2935.281224
10.511617,43,2936.492015
10.955766,39,2937.615891
10.807379,39,2938.95045
10.333677,41,2940.252794
10.278323,25,2940.993005
10.623173,32,2941.945888
8.247518,121,2945.516234
7.794898,74,2947.703617
10.607458,40,2948.831194
10.199108,41,2950.000452
9.461256,85,2952.198599
9.35669,48,2953.633214
10.497427,28,2954.447455
9.811003,49,2955.829513
10.004188,41,2956.994076
8.520697,42,2958.287978
10.779227,39,2959.503426
10.47255,50,2960.889972
10.866594,27,2961.712632
9.537944,49,2963.260426
8.65211,56,2964.988267
10.050666,35,2966.127652
9.773754,59,2967.744693
10.437911,53,2969.315335
9.386171,44,2970.517592
9.827912,52,2972.137743
9.87957,62,2973.959603
10.59732,62,2975.754642
9.191969,56,2977.313236
10.461127,51,2978.694754
10.668847,33,2979.607828
10.378554,30,2980.486968
10.533077,42,2981.729552
10.468642,31,2982.648701
10.8746,40,2983.734481
10.378348,43,2984.814621
9.862982,57,2986.23825
9.771978,69,2988.122043
10.682855,47,2989.406565
9.873618,51,2992.869236
9.627076,40,2993.977083
9.578049,70,2996.065738
10.370824,41,2997.389898
9.101031,62,2999.284467
10.268457,60,3001.071575
9.655192,67,3003.084747
10.328758,30,3004.000944
10.066914,58,3005.693263
10.484983,38,3006.746587
9.927743,37,3007.816685
6.41253,92,3010.268043
9.941433,31,3011.128174
10.918667,63,3013.108409
10.427595,34,3014.184736
9.993825,42,3015.38525
9.625668,43,3016.567213
11.023843,36,3017.554372
10.070656,42,3018.866712
9.258014,75,3021.110464
10.694288,30,3021.992953
10.555988,40,3023.404301
10.246596,51,3024.99544
7.820588,88,3027.558684
10.805413,47,3028.993237
10.525203,29,3030.016412
10.164006,31,3030.941591
10.116829,27,3031.736596
10.082542,32,3032.635253
10.846426,46,3034.129406
10.985037,46,3035.612637
10.587111,23,3036.301415
10.513854,48,3037.749114
9.732876,42,3039.088696
10.951343,35,3040.185099
10.142358,32,3041.251815
10.133653,33,3042.227437
10.074095,58,3043.91358
10.581707,48,3045.410483
11.034823,37,3046.48288
10.813271,36,3047.597054
10.851609,47,3048.254835
10.245107,40,3049.027683
10.354714,46,3050.000721
9.820522,64,3052.059005
10.557836,41,3052.987537
10.616559,41,3054.008162
9.937044,53,3055.295607
9.448283,62,3057.121247
10.930495,38,3058.269963
10.352789,44,3059.527274
10.430176,35,3060.340365
9.839251,55,3062.065329
10.182151,48,3063.532797
10.110876,32,3064.455013
11.080343,33,3065.333416
10.272163,62,3067.230246
10.757914,57,3068.914303
10.743396,39,3070.12177
10.422056,22,3070.592035
10.402125,43,3071.828201
10.709831,45,3073.122148
10.316726,45,3074.400984
6.919636,74,3076.486843
10.500053,38,3077.657629
10.598328,31,3078.592153
10.262288,53,3080.132854
9.808493,62,3081.699901
10.495488,37,3082.632717
9.432122,44,3083.948962
10.31164,51,3085.30691
9.635651,54,3086.743681
10.827925,37,3087.835367
10.530445,43,3089.109829
10.248837,41,3090.243824
10.324405,26,3090.882584
10.969876,34,3091.926409
10.096652,42,3093.198664
10.431053,53,3094.759255
9.982854,24,3095.356471
9.580977,64,3097.122922
11.013755,46,3098.018335
10.327984,27,3098.549338
10.483199,59,3099.940996
9.992069,39,3100.794938
10.414754,46,3102.181475
10.712511,28,3102.996532
10.454189,39,3104.334286
10.609661,34,3105.392086
9.603247,59,3107.245632
9.49775,46,3108.649924
9.966843,40,3112.110476
10.017768,44,3113.36859
9.875564,70,3115.446277
10.634341,24,3116.238378
6.947615,108,3119.82526
10.585168,40,3121.021018
10.809155,40,3122.350799
10.091412,38,3123.616329
10.430985,54,3125.299365
8.81708,37,3126.437991
9.941123,39,3127.684658
10.264036,35,3128.809042
10.66053,73,3131.182891
9.18465,49,3132.738135
10.792038,55,3134.323865
10.403175,22,3134.955484
9.311089,47,3136.28081
10.499823,52,3137.956818
10.604646,36,3139.04459
3.846301,53,3140.558433
10.473736,38,3141.772765
10.308594,27,3142.627548
10.311415,49,3144.074842
9.486386,52,3145.58705
10.662286,37,3146.552135
10.421461,25,3147.242566
10.237835,67,3149.270983
10.318339,56,3151.177013
10.797324,49,3152.552433
9.729116,69,3154.670127
10.331618,29,3155.570091
10.656475,35,3156.677207
10.79161,28,3157.409405
10.180304,29,3158.287007
10.9261,43,3159.598791
11.140087,35,3160.83966
10.662218,52,3162.427129
10.146606,47,3163.908105
10.506125,37,3164.998875
9.896471,47,3166.490062
10.568163,43,3167.747104
10.349661,43,3169.004299
11.177725,37,3170.188375
10.703445,53,3171.681375
10.228111,63,3173.45032
9.437631,63,3177.288644
9.985314,23,3177.900904
10.605782,36,3178.932675
9.777266,56,3180.491137
10.33259,43,3181.80178
10.667467,49,3183.222857
10.660445,44,3184.568275
9.825165,35,3185.690058
10.999562,50,3187.242168
9.743732,64,3188.994392
10.203642,31,3189.977824
10.787634,36,3190.923632
6.470086,52,3192.565851
10.238725,38,3193.715627
10.620491,35,3194.669827
10.9477,47,3196.16585
10.123256,42,3197.445719
10.753118,41,3198.711507
11.036299,42,3199.875326
9.493082,51,3201.390719
9.793164,66,3203.478677
10.83139,29,3204.35684
10.240453,57,3206.019007
10.751523,25,3206.798764
10.429925,32,3207.823862
9.200188,62,3209.817815
8.298247,42,3211.028765
2.770348,105,3214.253501
9.367338,74,3216.49539
10.697894,49,3218.085469
10.179082,18,3218.705496
9.779632,43,3219.999452
10.400452,41,3221.267224
11.034525,48,3222.67213
10.925433,43,3223.815533
11.100435,50,3225.318447
10.920216,33,3226.340433
9.768662,49,3227.927142
10.518747,36,3229.028626
10.31449,39,3230.157922
10.005359,38,3231.221587
9.869008,48,3232.695924
10.281262,27,3233.569099
10.002637,43,3234.807328
9.827694,44,3236.179978
10.965642,43,3239.689124
10.218324,32,3240.524856
10.899366,32,3241.472487
10.182019,45,3242.822252
8.532805,60,3244.405286
5.594628,50,3245.877647
10.799222,32,3246.828958
9.95868,37,3247.97834
10.571008,37,3249.262814
10.645649,23,3250.070578
9.923421,37,3251.160217
9.778252,52,3252.624741
9.761117,52,3254.300617
10.571086,44,3255.66823
10.566844,43,3256.966452
10.305649,52,3258.638457
8.586602,62,3260.538013
10.383278,45,3261.807984
10.635209,43,3263.244875
9.972142,52,3264.86551
10.604305,35,3265.858597
11.095201,34,3266.959666
10.615336,18,3267.57561
9.802578,59,3269.397994
10.96968,46,3270.915938
11.135214,38,3272.156192
10.565896,51,3273.578021
7.119066,113,3276.648544
10.845685,40,3277.659296
10.52138,57,3279.27121
11.005756,36,3280.366333
10.413028,37,3281.456124
9.933312,39,3282.481903
10.735833,41,3283.732585
8.232137,75,3285.92665
10.222409,63,3287.701079
9.453147,45,3289.146845
10.206854,46,3290.434526
9.956729,58,3292.177331
10.252711,42,3293.533772
10.750841,50,3294.88822
11.711906,35,3295.805486
10.815221,49,3297.411975
10.039533,69,3299.384841
9.704109,44,3302.873942
10.820415,26,3303.509024
9.540666,65,3305.324899
10.98165,38,3306.490604
10.220838,27,3307.351109
10.146522,50,3308.689273
10.453404,30,3309.147235
8.70134,52,3309.840531
10.808694,31,3310.397151
10.312949,25,3310.944854
10.176324,49,3312.314175
10.59953,36,3313.302344
10.280634,33,3314.255046
10.606004,44,3315.578682
10.921235,42,3316.688371
9.971186,58,3318.375476
9.729262,57,3319.962112
10.114239,60,3321.690855
10.375099,51,3323.240228
10.696451,39,3324.408574
10.904753,55,3325.844003
10.697655,41,3327.13961
9.787561,33,3328.150181
-12.610368,122,3331.533007
10.341489,27,3332.356317
10.659028,35,3333.383954
6.040926,65,3335.220028
10.678139,36,3336.324322
9.664102,48,3337.785322
10.801457,30,3338.85371
7.191246,67,3340.727732
9.953281,46,3341.964559
10.76181,37,3342.975796
10.607355,30,3343.855913
9.375041,55,3345.540887
10.877093,43,3346.885816
10.742499,45,3348.284886
10.974667,51,3349.85363
10.415505,35,3350.925737
10.256374,43,3352.280146
10.91616,38,3353.458725
10.497077,32,3354.529428
10.157638,31,3355.479173
10.949838,41,3356.632451
10.487089,42,3357.905946
10.24409,41,3359.250932
10.987,47,3360.62895
10.766782,28,3363.665991
9.723267,34,3364.449651
9.837048,47,3365.783039
10.7122,46,3367.185993
9.433805,45,3368.446323
8.524831,49,3369.883389
10.781218,24,3370.509239
10.896442,40,3371.661882
10.833281,50,3373.022182
10.380211,45,3374.244946
10.881992,44,3375.329093
10.840533,37,3376.37424
10.527634,39,3377.542959
10.374434,29,3378.406359
9.979382,58,3380.142028
10.919714,40,3381.327915
11.019501,55,3382.913698
8.389175,57,3384.632391
10.997388,42,3385.828093
10.774525,34,3386.836218
8.97026,48,3388.30003
5.673927,68,3390.261688
10.400077,46,3391.492369
9.955685,35,3392.50102
11.082886,33,3393.667881
10.186299,63,3395.567619
6.711892,69,3397.652961
10.646525,47,3399.065478
10.375971,45,3400.368431
10.81168,36,3401.429228
10.675758,36,3402.460723
10.597768,55,3404.016011
9.863828,58,3405.59059
10.383138,35,3406.476156
9.772788,57,3407.805756
10.16688,35,3408.673843
10.949502,39,3409.776389
10.724088,47,3411.140194
11.013678,30,3411.994938
9.446274,30,3412.822593
10.896804,26,3413.618335
10.773334,36,3414.695969
10.870769,34,3415.645813
9.876133,45,3417.016589
10.502916,43,3418.177255
10.996018,42,3419.39853
8.566732,37,3420.454263
9.365283,44,3423.859589
10.424846,43,3424.915212
11.011388,43,3426.131619
10.341258,54,3427.552767
10.304659,35,3428.683133
10.424854,47,3430.060113
10.778745,38,3431.242437
10.12755,63,3433.262455
10.779586,45,3434.616024
10.623577,48,3436.107852
9.554904,68,3438.011252
10.961148,24,3438.702605
11.654948,43,3439.876574
10.747507,26,3440.654607
8.490936,82,3443.160437
9.947895,42,3444.454147
10.122,26,3445.263456
10.158418,39,3446.320126
10.535595,25,3447.082911
10.1723,40,3448.247614
10.681996,30,3449.158828
10.625589,31,3450.135893
10.512073,31,3451.006406
10.899811,28,3451.803649
11.061274,43,3453.124141
10.475858,28,3454.004175
10.698784,39,3455.028294
10.717587,47,3456.367699
9.314824,74,3458.649886
10.056229,42,3459.866211
10.119141,37,3460.914875
10.959548,38,3462.046418
10.567121,45,3463.442792
10.810331,40,3464.621498
10.562922,40,3465.842343
10.774849,40,3466.968562
10.594172,54,3468.443357
10.850984,37,3469.66625
11.092429,41,3470.801212
10.823423,27,3471.487288
10.341788,34,3472.433274
10.559589,54,3474.072163
9.775464,32,3475.1154
10.328233,39,3476.433751
10.666929,51,3477.956469
10.28577,49,3479.332603
9.571211,62,3481.15973
10.786318,54,3482.746945
10.320697,20,3483.442725
10.893794,35,3486.674268
10.716846,43,3487.654317
10.684561,59,3489.337545
10.149217,58,3491.135113
10.641192,42,3492.413445
10.090177,40,3493.811532
11.201092,29,3494.663581
10.810822,38,3495.937817
10.608986,40,3497.290706
10.160423,54,3498.902223
9.859295,66,3500.945663
10.985089,33,3502.116117
10.912577,32,3503.143449
10.532866,21,3503.704213
11.22368,32,3504.631248
9.933325,41,3505.741575
10.335981,21,3506.388136
9.942181,41,3507.726676
10.834344,29,3508.77011
10.222821,75,3511.309458
9.342163,49,3512.955379
10.1718,30,3513.826416
10.567623,41,3515.198635
10.204056,37,3516.301075
10.747967,39,3517.619635
9.412354,46,3518.959731
10.37637,42,3520.34068
10.892619,29,3521.260347
10.761906,45,3522.715794
10.331123,27,3523.56998
10.649635,51,3525.20095
8.966546,46,3526.578982
8.372635,79,3528.919035
5.476806,66,3530.990803
10.524259,22,3531.615343
10.370493,36,3532.744817
10.339565,37,3533.888623
10.682254,22,3534.517897
10.857402,40,3535.837977
10.725393,43,3537.077296
10.159075,42,3538.202504
10.541968,33,3539.261651
11.130065,42,3540.461507
10.699863,37,3541.590775
9.953226,60,3543.44039
10.297659,38,3544.638058
10.521459,22,3545.376436
10.749936,45,3546.709073
9.961977,50,3548.246396
10.180598,57,3552.117208
9.825074,56,3553.86323
10.69162,43,3555.370469
10.566964,42,3556.54287
11.16867,31,3557.544921
10.587262,48,3559.139618
9.174961,50,3560.786444
10.725037,43,3562.329273
10.457158,34,3563.44789
10.243933,49,3564.948333
10.230828,24,3565.671475
10.170478,46,3567.035339
10.877278,31,3567.926714
10.610286,49,3569.325234
10.456774,40,3570.577094
10.482544,33,3571.603235
10.867246,31,3572.593422
11.094339,41,3573.979979
9.537423,44,3575.546795
10.384842,26,3576.388375
11.066602,38,3577.555645
10.416201,41,3578.667813
10.456322,51,3579.999744
10.478463,47,3581.298807
10.569006,47,3582.606345
10.647405,26,3583.373437
11.055316,33,3584.353896
10.65736,29,3585.226359
9.161416,48,3586.622843
10.32751,35,3587.662662
10.667819,42,3588.983585
10.545888,34,3590.090806
10.905769,35,3591.150585
10.502432,34,3592.266456
10.371598,26,3593.091721
10.459291,33,3594.127931
10.592024,30,3595.029587
10.405681,60,3596.923128
9.798336,48,3598.493585
10.82011,20,3599.117894
11.134848,30,3600.134435
9.889616,40,3601.15024
10.913136,48,3601.844009
9.9597,61,3602.820491
9.168964,44,3604.005575
10.436154,26,3604.673032
10.763545,53,3606.109902
10.319305,24,3606.713654
10.819036,30,3607.664557
10.4655,50,3609.132232
9.688538,58,3610.669397
10.157447,59,3614.749916
10.367394,41,3615.826249
10.46687,32,3616.720731
10.537325,51,3618.244455
10.817482,29,3619.102085
10.831081,37,3620.315722
10.889802,57,3622.075084
10.686267,51,3623.526585
9.591042,45,3624.876593
10.672841,54,3626.573642
10.318857,55,3628.272304
10.547099,41,3629.392396
10.475575,20,3630.055844
10.830885,27,3630.971318
10.178795,47,3632.357125
10.512451,24,3633.075333
11.046811,55,3634.6893
10.882346,31,3635.545588
10.366509,22,3636.183511
10.873784,29,3637.09157
10.704991,35,3638.192424
10.610021,42,3639.450032
10.023279,41,3640.666891
9.886073,51,3642.134859
10.113681,31,3643.012484
9.3979,42,3644.246454
10.068851,40,3645.380832
9.764478,41,3646.715351
8.813845,73,3648.827058
10.941383,29,3649.695823
10.431757,31,3650.567205
10.692783,26,3651.365745
10.643125,41,3652.590063
10.502204,47,3653.989193
10.594051,27,3654.806831
10.739265,24,3655.501709
10.641378,32,3656.453693
10.336117,43,3657.679851
10.979788,39,3658.965796
10.845613,39,3660.185821
10.634332,40,3661.365642
10.230228,35,3662.437474
10.091158,54,3664.071572
10.422023,48,3665.551673
10.819362,29,3666.374446
10.665284,46,3667.682793
10.794047,39,3668.699387
9.971525,57,3670.41735
10.631485,30,3671.259287
10.807376,38,3672.409758
11.004722,35,3673.536726
10.203922,50,3675.123081
9.706814,37,3678.399788
11.283015,35,3679.27371
10.880251,39,3680.528885
11.009257,34,3681.638036
10.622948,48,3683.299789
10.873881,41,3684.501138
10.569356,49,3685.906409
10.705952,32,3686.838193
10.552345,42,3688.142755
10.593709,42,3689.536046
10.531868,56,3691.333174
8.924777,69,3693.416486
10.412325,36,3694.579647
10.884293,23,3695.234613
8.72981,37,3696.384516
10.858521,43,3697.717417
10.748576,42,3698.918682
10.266162,37,3699.878844
11.105776,37,3700.906783
11.424007,34,3701.986833
10.934972,41,3703.222864
9.578393,66,3705.289569
11.165551,40,3706.415772
10.352163,32,3707.468494
10.537452,30,3708.484097
8.342806,70,3710.680022
10.566155,40,3712.008087
10.729316,34,3713.173629
10.526231,44,3714.595216
9.516254,56,3716.341234
10.940389,37,3717.500278
10.55642,21,3718.174506
10.365585,43,3719.594506
10.12922,44,3720.979702
10.820405,39,3722.167986
10.518285,23,3722.967217
11.07269,39,3724.07975
10.595727,41,3725.60862
10.167494,42,3727.001581
10.11328,52,3728.791023
10.777512,34,3729.926324
10.825547,30,3730.869717
10.378004,45,3732.116871
11.058777,31,3732.838883
10.313563,47,3734.10467
10.786791,24,3734.807507
10.772486,38,3735.877563
11.144926,37,3737.006722
9.62106,58,3738.751511
10.661289,31,3739.726142
10.32596,30,3740.659359
10.685251,37,3743.999414
10.767389,50,3745.224618
11.009418,32,3746.230677
11.19826,38,3747.420083
11.037575,30,3748.295879
10.809607,50,3749.884485
6.455064,42,3751.251998
11.185442,32,3752.200798
10.577471,27,3753.003597
10.481496,24,3753.692437
10.154456,29,3754.515275
10.178529,44,3755.735059
8.832984,57,3757.496948
10.917351,42,3758.712905
10.518451,31,3759.659331
10.769535,30,3760.481109
10.846609,44,3761.670369
10.738804,39,3762.834417
10.242513,75,3764.69369
10.783549,36,3765.475412
10.038079,38,3766.408893
10.712588,31,3767.2358
10.014054,37,3768.287521
10.545416,36,3769.291243
9.683323,60,3771.081349
11.220021,37,3772.141995
10.877221,22,3772.795997
11.016467,36,3773.946835
11.093958,35,3775.008863
9.151802,51,3776.503866
10.171735,47,3777.848807
9.73011,41,3779.055069
10.332888,31,3779.957186
10.046763,49,3781.457875
9.326679,62,3783.221491
10.582077,39,3784.250249
10.216556,37,3785.388035
10.322533,38,3786.56952
10.592207,41,3787.878356
10.377813,29,3788.701105
10.629592,43,3789.929656
10.763702,40,3791.06538
10.500444,36,3792.224477
9.940695,46,3793.608309
10.035231,48,3795.024413
10.886694,36,3796.103625
9.413629,72,3797.900028
10.207066,26,3798.653775
10.247761,46,3799.901731
10.246753,30,3800.757247
9.793189,40,3801.861234
10.455183,26,3804.814233
10.564903,31,3805.730596
10.302477,28,3806.701026
11.225803,26,3807.476693
8.697431,78,3809.637713
10.281389,42,3810.919957
10.626828,36,3812.039825
10.785864,20,3812.640244
10.479076,44,3813.965639
10.833606,37,3815.134796
10.20238,35,3816.14621
10.781766,41,3817.439893
10.222313,61,3819.296351
10.336803,26,3820.148274
10.675901,47,3821.508816
10.668374,36,3822.61765
10.32903,27,3823.585922
11.037661,26,3824.396644
10.958246,37,3825.466336
11.000645,29,3826.343741
11.191656,37,3827.494897
10.544351,49,3828.931242
9.923406,48,3830.253622
10.976636,38,3831.189086
9.965312,44,3832.410747
10.180684,33,3833.523278
9.411633,37,3834.560752
10.960902,45,3835.853524
10.19374,46,3837.246358
11.085756,29,3838.08215
7.721734,43,3839.34817
10.807922,39,3840.561523
11.001036,39,3841.789798
11.117018,46,3843.145581
10.783325,37,3844.141983
10.492466,22,3844.774858
10.23571,23,3845.47404
10.990998,49,3846.812253
10.019043,34,3847.789811
10.444189,29,3848.642964
10.546572,29,3849.579969
10.490216,36,3850.581282
10.446812,29,3851.438422
9.757258,72,3853.47855
10.450994,37,3854.724628
10.850024,51,3856.226691
10.543682,44,3857.458155
10.799941,40,3858.623584
10.515137,70,3860.660945
11.201319,41,3861.833008
10.3954,30,3862.576368
10.222017,40,3863.618741
5.962004,73,3867.675482
10.545472,35,3868.682837
10.598051,40,3869.724784
9.623812,38,3870.883502
9.61914,71,3872.86001
10.732404,34,3873.870071
10.717688,41,3875.180102
10.783665,31,3876.189372
10.422086,25,3876.997001
10.659756,23,3877.760899
10.850305,32,3878.795969
10.387715,50,3880.168686
10.145084,32,3881.096985
11.105194,26,3881.920472
10.71145,31,3882.888039
10.597357,39,3884.08526
10.711497,20,3884.729236
10.366774,30,3885.848001
10.767133,19,3886.474462
8.446193,69,3888.349598
10.522975,40,3889.528848
10.485802,23,3890.157858
11.136669,35,3891.166414
10.867912,43,3892.388404
10.53254,20,3892.99315
10.838945,48,3894.479172
10.723715,22,3895.082572
10.488903,21,3895.67007
10.601643,19,3896.156257
10.75135,29,3896.925407
10.604814,36,3898.076471
10.938746,36,3899.15013
10.615994,32,3900.145766
10.751135,37,3901.19486
10.514235,33,3902.11155
10.495974,30,3902.96976
10.529224,49,3904.393491
10.773585,32,3905.28827
10.757201,33,3906.265634
11.139511,46,3907.701077
10.710542,41,3908.915836
10.833206,27,3909.793693
9.688718,50,3911.347629
10.494751,25,3912.071796
10.910471,47,3913.487357
11.122751,50,3915.096698
10.757249,39,3916.247389
9.759785,33,3917.36287
9.785596,39,3918.550453
10.345062,32,3919.602926
10.377771,40,3920.801438
10.464353,38,3921.799773
10.762173,35,3922.788254
10.80002,24,3923.568859
10.576199,16,3924.092945
10.715048,55,3925.899472
10.954379,37,3927.050551
9.068243,39,3928.240211
10.610149,20,3930.955225
10.69668,34,3931.871146
10.766922,23,3932.560095
10.615023,45,3933.8651
10.683089,30,3934.801429
10.29202,28,3935.619297
10.616516,22,3936.325734
10.42712,42,3937.517124
8.161675,53,3939.111879
10.514515,23,3939.851723
10.545055,47,3941.477408
11.159649,48,3943.019914
10.646112,38,3944.158697
10.78081,48,3945.461558
10.88935,37,3946.59291
10.876681,33,3947.521539
10.419167,28,3948.441676
9.962792,50,3949.77497
10.391551,27,3950.506139
8.256151,78,3952.832292
10.20255,26,3953.604239
10.436222,47,3955.008209
10.748239,31,3955.872347
10.424582,48,3957.391947
10.193642,38,3958.552665
10.236119,66,3960.559839
10.714889,35,3961.446829
10.360617,38,3962.492886
10.93532,47,3963.875198
10.413498,42,3965.097362
10.630084,49,3966.420625
10.8286,36,3967.387117
11.03888,35,3968.505846
9.964595,32,3969.457139
11.190858,24,3970.191372
10.681128,29,3970.977749
10.674442,47,3972.48171
10.195124,32,3973.413174
10.749391,47,3974.877805
10.268494,45,3976.182121
10.416721,41,3977.480547
9.627639,27,3978.36276
10.763952,38,3979.41695
11.003081,37,3980.505979
10.265901,38,3981.793529
10.192405,53,3983.408612
10.367326,32,3984.423451
10.391114,42,3985.820493
11.160637,36,3986.911766
8.788643,33,3988.023462
10.513598,49,3989.639223
8.686125,48,3991.120696
10.036822,41,3994.39404
10.558032,39,3995.359405
11.082357,27,3996.280974
10.414475,25,3997.074628
10.460473,30,3997.970236
9.513209,51,3999.634859
9.561733,48,4001.170144
10.972521,38,4002.394283
10.297032,37,4003.475962
11.153129,36,4004.635397
9.911029,40,4005.911945
10.561855,29,4006.783585
11.202626,28,4007.647934
10.4282,56,4009.35485
10.752626,35,4010.403568
10.626154,35,4011.396088
10.945513,38,4012.598287
7.910669,46,4014.156777
10.638961,35,4015.217362
9.94333,30,4016.055842
10.694666,41,4017.409931
11.00521,41,4018.775521
10.393346,21,4019.45473
11.268876,36,4020.555697
10.649278,55,4022.2447
10.546801,20,4022.894738
10.942437,26,4023.670361
10.37706,32,4024.615515
10.043191,38,4025.718736
10.222806,51,4027.243861
9.825058,57,4028.942337
10.573432,21,4029.621423
10.422049,38,4030.890948
10.239308,52,4032.430702
10.979555,27,4033.349164
10.194056,34,4034.389943
10.805268,45,4035.753036
10.819025,42,4037.148171
10.518481,47,4038.631139
10.140857,50,4040.307012
10.821941,35,4041.412883
10.904817,25,4042.218923
9.743204,39,4043.491492
10.431807,41,4044.768386
10.808171,38,4045.979766
10.728928,37,4047.179366
10.924723,27,4048.030354
10.89247,36,4049.201637
8.797153,52,4050.817779
10.484637,31,4051.846331
11.020375,41,4053.254389
10.271933,55,4055.023556
10.592527,36,4056.165489
10.861937,25,4056.891715
10.475485,21,4057.454742
10.073483,69,4061.521303
10.796632,48,4062.918925
11.200197,45,4064.395522
10.902036,35,4065.530847
10.77823,48,4067.052362
10.778438,52,4068.655964
10.510151,52,4070.430367
10.081156,44,4071.746951
11.038521,35,4072.790451
10.626996,47,4074.360417
10.512088,43,4075.653146
10.589162,27,4076.496903
10.773446,27,4077.376586
10.318669,29,4078.237234
10.398737,41,4079.49187
10.04446,60,4081.357583
10.262734,18,4081.812895
10.960221,34,4082.930483
11.158621,32,4083.929899
10.318843,45,4085.397087
10.376443,53,4087.002167
10.802538,23,4087.743155
9.74069,48,4089.332171
10.806696,40,4090.474752
11.052382,26,4091.29021
7.698152,70,4093.245411
10.720747,41,4094.450657
10.622425,40,4095.701043
10.711713,23,4096.416502
10.547629,35,4097.521314
10.583117,34,4098.610565
10.288502,56,4100.447623
10.694769,48,4101.826077
9.232529,57,4103.576196
10.843687,26,4104.532445
10.203688,40,4105.810863
10.998202,27,4106.646569
11.424999,34,4107.66999
10.557007,27,4108.544277
9.932937,26,4109.39147
10.116218,23,4110.141126
11.040441,37,4111.352028
10.464398,35,4112.469002
10.619983,29,4113.366088
10.425333,43,4114.770905
10.542352,31,4115.684092
11.03919,36,4116.703209
10.376821,40,4117.837633
10.837765,26,4118.633785
11.015047,44,4119.987673
8.014596,50,4121.565539
10.562506,43,4122.847568
11.052912,37,4126.082572
11.061974,43,4127.233653
10.432172,32,4128.218074
10.787342,29,4129.135741
10.944681,34,4130.261114
10.950372,36,4131.378427
10.266454,24,4132.07561
10.676116,22,4132.778876
10.710332,47,4134.258981
10.641302,31,4135.278972
10.879943,38,4136.501574
10.435444,44,4137.852766
10.938591,39,4138.965933
10.247758,49,4140.451294
10.149198,43,4141.849578
11.039299,50,4143.460432
10.692804,29,4144.271187
11.011349,28,4145.242793
10.98873,26,4146.061474
10.940748,27,4146.951917
10.53227,21,4147.640944
9.278691,41,4148.971385
10.024619,36,4150.111611
10.165492,26,4150.868526
10.663455,25,4151.636393
10.398498,37,4152.872661
10.212316,42,4154.233944
10.205525,29,4155.082684
11.401619,42,4156.325438
10.351786,55,4157.648297
8.007024,86,4160.166695
10.4633,34,4161.312727
10.381079,30,4162.188742
10.154666,67,4164.402864
10.72218,38,4165.56978
10.642593,40,4166.925415
9.117098,48,4168.387556
10.04877,51,4170.075002
10.54512,29,4170.965844
10.816112,29,4171.919363
11.21353,26,4172.745589
10.523077,26,4173.586022
10.585043,38,4174.773141
10.470178,54,4176.392182
10.389638,34,4177.421354
11.190043,31,4178.435546
10.607763,45,4179.704801
9.519621,47,4181.155962
10.446917,31,4182.111383
10.650872,22,4182.841177
10.308794,30,4183.744484
10.514025,27,4184.542809
10.504172,26,4185.299127
11.22152,28,4186.201872
10.703976,49,4187.668261
10.48571,30,4188.550703
9.882513,36,4191.675683
10.912071,25,4192.332174
10.778319,29,4193.229465
10.522595,19,4193.80367
10.809772,19,4194.45858
10.478391,37,4195.695737
10.961192,41,4197.009985
11.156777,25,4197.830838
10.637871,24,4198.599113
11.061487,46,4200.035615
10.365034,39,4201.373344
10.673539,36,4202.415721
10.873083,37,4203.597712
10.727824,36,4204.681609
10.370965,43,4206.030896
10.746373,30,4206.986065
10.520238,22,4207.694563
11.042551,27,4208.691618
10.725158,43,4209.985544
10.935435,44,4211.456569
10.747584,37,4212.569742
11.408553,37,4213.637774
10.300268,36,4214.691644
10.161011,39,4215.795618
9.976786,29,4216.637294
11.037313,38,4217.682275
11.196755,36,4218.816834
11.160807,35,4219.773083
10.904653,30,4220.725317
10.13816,54,4222.177739
11.027882,30,4223.027874
10.313475,37,4224.129014
10.982167,29,4225.043691
10.653496,22,4225.816239
10.345475,55,4227.616959
11.244253,30,4228.58575
11.119964,29,4229.44166
10.786149,36,4230.510085
10.579576,17,4231.022904
10.99377,40,4232.184038
11.090098,50,4233.812906
10.906121,28,4234.810251
10.262075,44,4236.088017
10.965874,57,4237.836962
11.165437,33,4238.875679
11.041858,36,4239.938132
10.772372,41,4241.325994
10.887225,29,4242.188286
11.010865,31,4243.183774
10.637497,23,4243.885506
10.872232,44,4245.047317
10.908602,29,4245.821618
9.923979,44,4247.135347
10.445126,38,4248.366149
10.929288,26,4249.321716
10.631113,27,4250.217109
10.537678,32,4251.110109
10.436964,38,4252.15714
10.744399,47,4253.521623
10.649038,15,4256.155636
10.518197,18,4256.59951
10.349027,45,4257.939144
10.608995,51,4259.362598
9.548291,47,4260.773071
10.624872,20,4261.397651
10.155496,42,4262.62245
10.129257,46,4263.92408
10.719933,28,4264.720487
10.515902,21,4265.384751
9.742469,33,4266.289582
10.882009,40,4267.430553
10.89389,39,4268.643965
10.932963,27,4269.396367
10.656663,28,4270.147082
10.736879,33,4271.133663
10.72892,38,4272.148381
10.506188,22,4272.850736
11.011256,30,4273.786044
10.430085,34,4274.799723
11.129359,27,4275.704698
10.682499,48,4277.192019
-24.221038,112,4280.549697
10.600165,51,4282.103708
10.703003,38,4283.247473
10.168546,46,4284.489958
10.326455,31,4285.394881
11.143522,37,4286.561303
10.423559,24,4287.32682
10.251718,48,4288.54611
11.125001,34,4289.552652
10.486882,46,4290.850516
11.20645,33,4291.816645
10.646746,32,4292.706387
10.628822,28,4293.548474
10.929957,38,4294.62947
8.631971,54,4296.254657
10.65273,24,4296.949569
10.994652,39,4298.038685
10.530531,19,4298.641119
10.791456,36,4299.607838
8.46651,59,4301.398596
9.050446,40,4302.584868
10.767072,25,4303.306701
10.795959,40,4304.525581
10.269559,28,4305.369729
10.491506,19,4305.889108
10.881405,42,4307.067466
10.557384,43,4308.299434
6.599765,50,4309.720446
10.377624,23,4310.374398
10.663263,22,4311.060081
11.140642,30,4312.154154
10.106831,46,4313.531559
10.003214,39,4314.702761
10.44027,40,4315.883243
10.931525,34,4319.104599
11.045236,27,4319.67628
10.438109,21,4320.176922
8.686091,73,4322.237965
9.694845,43,4323.442915
9.912572,40,4324.649696
11.106994,36,4325.675066
11.070426,34,4326.667644
10.583368,33,4327.556441
10.296477,22,4328.191066
10.760189,33,4329.204374
10.555829,36,4330.263088
11.112443,46,4331.580244
9.512252,42,4332.807059
10.83416,29,4333.74048
10.528918,43,4335.094029
10.606507,24,4335.834395
11.01521,40,4337.004791
11.077382,32,4337.895779
10.033154,50,4339.350187
10.790676,31,4340.284929
10.486134,48,4341.888441
10.591503,36,4342.929933
9.810674,43,4344.078397
10.503003,37,4345.231008
10.583968,40,4346.325577
10.423532,31,4347.372953
10.602226,37,4348.481233
10.664899,34,4349.470464
11.218817,35,4350.560486
10.801855,40,4351.788375
10.363915,34,4352.735508
11.221901,30,4353.59105
11.14661,39,4354.629877
7.522571,45,4356.032729
10.525088,35,4357.059057
10.768947,41,4358.392226
10.372105,59,4360.209252
10.399017,42,4361.482095
9.846646,40,4362.760641
10.165061,32,4363.711038
8.681253,46,4365.159349
11.241328,34,4366.07623
10.638544,23,4366.782014
9.989191,38,4367.876309
8.441959,54,4369.441193
10.499609,23,4370.185265
10.935051,43,4371.344873
10.403986,37,4372.477686
10.055081,32,4373.516208
10.484383,29,4374.337184
10.599024,48,4375.7572
10.281646,34,4376.89321
10.491744,46,4378.175621
10.912303,36,4381.283061
10.97361,38,4382.379893
11.099922,42,4383.647993
10.867195,23,4384.338015
10.786605,22,4385.005334
10.40665,34,4385.969479
10.229714,50,4387.480653
10.346494,37,4388.608619
11.264219,37,4389.775439
10.963932,33,4390.776728
10.359496,27,4391.674005
10.659261,30,4392.677559
10.933897,38,4393.762486
9.785953,65,4395.712787
10.758955,20,4396.316411
11.045503,29,4397.128234
10.720647,35,4398.044663
10.919296,23,4398.696175
10.565307,22,4399.421103
8.533864,43,4400.556563
10.746866,49,4402.147689
10.821583,35,4403.07761
10.742278,40,4404.218749
10.723599,33,4405.275369
10.694191,25,4406.055103
10.158158,36,4407.058502
10.983864,37,4408.029236
10.865624,37,4409.233641
10.698449,41,4410.405785
11.130529,57,4412.176092
10.713917,51,4413.803299
10.684386,18,4414.318067
10.977873,33,4415.245076
10.704901,35,4416.294443
10.985057,29,4417.071333
10.577496,29,4417.807133
10.662782,32,4418.75263
10.423353,65,4420.754065
10.317451,23,4421.487185
10.562687,34,4422.481376
10.613375,23,4423.166056
9.538717,59,4424.996601
10.738961,35,4425.999754
10.894968,31,4426.84475
11.204135,45,4428.222836
10.884574,38,4429.374027
9.366068,70,4431.267254
10.539698,33,4432.248569
10.807836,33,4433.247815
10.718468,29,4434.224718
11.254197,31,4435.115885
11.027352,40,4436.323814
10.803728,27,4437.071908
11.167959,36,4438.05321
10.882054,38,4439.299428
10.821578,26,4439.99929
10.981922,32,4440.885125
11.148957,39,4444.158577
10.789665,32,4444.929894
10.214405,41,4445.971732
5.994963,78,4448.501566
10.742694,37,4449.598088
10.551553,38,4450.541777
10.751576,36,4451.503822
10.848904,25,4452.237127
9.971622,43,4453.62888
11.125128,35,4454.700646
10.442918,32,4455.775331
11.039173,37,4456.980036
10.962402,38,4458.113324
10.437258,21,4458.736934
10.479706,39,4460.00098
10.638099,53,4461.731766
10.720338,31,4462.706609
11.249685,30,4463.654335
10.293854,25,4464.436738
10.813844,34,4465.5952
11.123382,41,4466.934282
11.068048,35,4467.9313
10.484268,29,4468.838111
11.036503,26,4469.64602
10.262794,28,4470.546781
10.723348,41,4471.85923
10.456135,30,4472.699148
10.86209,25,4473.566741
10.169642,50,4475.236467
9.965889,46,4476.55594
10.970778,32,4477.594766
10.881526,44,4479.003703
11.126002,28,4479.865119
10.874979,23,4480.666375
8.604193,56,4482.492462
10.177519,47,4483.818927
11.021817,46,4485.249867
9.085129,53,4487.187106
10.782741,36,4488.389765
9.94832,29,4489.310054
11.187272,32,4490.197995
10.75009,42,4491.55602
10.750669,26,4492.441553
10.813506,45,4493.75492
10.096317,30,4494.790816
10.351689,20,4495.440665
10.756759,41,4496.690736
9.812495,35,4497.792974
11.04376,39,4499.046134
10.816052,32,4499.999743
11.041628,42,4501.329104
10.656828,26,4502.151462
10.756996,35,4503.199467
11.020263,31,4504.17613
10.349713,42,4505.515185
11.014101,24,4506.284245
10.993768,24,4507.066596
11.001108,32,4510.193393
10.476092,29,4511.062343
8.621912,85,4513.645105
11.087551,35,4514.716884
9.689377,53,4516.118017
10.746308,31,4516.974922
10.628796,24,4517.697223
10.946164,26,4518.603994
10.684715,36,4519.738317
11.076983,24,4520.529168
11.228882,42,4521.918205
10.354515,43,4523.358842
10.445945,46,4524.75512
11.002862,24,4525.581968
10.137416,43,4526.908205
10.842527,22,4527.579634
10.907937,35,4528.658859
10.728227,27,4529.535369
11.195433,34,4530.588821
10.713801,38,4531.732142
10.36057,35,4532.780221
9.485316,44,4534.13243
10.353275,36,4535.319371
10.839364,54,4537.110163
9.863216,45,4538.575611
11.216863,36,4539.587026
11.02478,36,4540.616206
10.697819,40,4541.79238
5.422815,69,4543.875913
9.302798,51,4545.538972
10.433118,31,4546.526656
10.330611,32,4547.603019
10.650246,23,4548.296355
10.763933,34,4549.290202
10.507454,23,4549.807149
10.492953,32,4550.825665
10.063919,66,4552.899153
10.162435,43,4554.345896
10.338941,22,4554.895142
10.356974,41,4556.213383
11.111108,38,4557.386247
11.071504,26,4558.173855
10.979559,35,4559.237166
10.669852,35,4560.313544
11.014364,32,4561.291935
10.516956,33,4562.366445
10.695987,43,4563.620509
10.043783,42,4564.986536
10.902124,40,4566.343464
10.821855,38,4567.53543
10.94034,23,4568.253328
11.103711,45,4569.610795
11.142465,45,4571.179976
9.952832,45,4572.691169
10.769429,19,4573.316788
10.520654,46,4576.694792
10.800204,45,4577.966204
11.043284,42,4579.283981
8.857311,46,4580.528737
10.760477,35,4581.541477
11.062761,38,4582.617583
10.797585,45,4583.955908
9.66516,68,4585.824883
10.788047,40,4587.047977
10.606042,16,4587.581167
10.474763,40,4588.799196
10.739631,32,4589.716703
10.603278,27,4590.601176
10.454252,43,4591.930509
11.02857,23,4592.675421
10.654027,40,4593.934219
10.631164,25,4594.707812
10.472751,24,4595.432775
10.054764,33,4596.497043
11.151293,33,4597.606213
10.111853,32,4598.589889
10.954286,36,4599.593984
11.006021,25,4600.417121
10.823171,35,4601.598294
11.174679,20,4602.236492
9.507874,44,4603.545647
10.460026,21,4604.219554
11.026407,33,4605.184546
10.299817,37,4606.218404
10.746566,27,4606.970037
10.683572,25,4607.665557
11.006476,28,4608.656108
10.414424,24,4609.430707
10.608022,47,4610.874855
10.95798,31,4611.806661
10.533928,44,4613.190298
10.552035,41,4614.347189
8.668702,55,4615.84901
10.951378,35,4616.93685
10.828569,20,4617.601662
10.647662,30,4618.486496
8.500401,29,4619.490801
10.759517,26,4620.348939
10.394506,22,4621.001921
10.531411,33,4622.035245
10.40845,35,4623.058466
11.046474,31,4624.079368
10.780155,31,4625.121344
9.115156,68,4627.028447
10.861739,44,4628.255211
11.188372,33,4629.232531
10.515106,30,4629.995307
10.985018,46,4631.393139
10.859917,30,4632.292614
10.663367,29,4633.150331
10.572573,31,4634.110329
11.051639,37,4635.262969
10.599024,37,4636.488029
10.68392,30,4637.459823
10.784297,50,4641.08529
10.148743,41,4642.373115
11.312712,28,4643.213477
9.963535,39,4644.394218
10.494755,25,4645.124041
10.327693,51,4646.698538
10.945543,40,4647.800514
10.4833,19,4648.359257
11.00335,33,4649.353141
10.758459,35,4650.335481
10.910568,44,4651.571749
9.918129,46,4652.858612
9.691089,31,4653.69885
10.441006,38,4654.908302
11.421079,40,4656.101871
11.263879,36,4657.131529
10.888698,25,4657.852513
10.838124,28,4658.67993
10.480881,24,4659.369764
10.541569,17,4659.828492
11.092662,26,4660.63556
10.693724,42,4661.932399
8.791922,32,4662.998014
10.982099,41,4664.139702
10.585628,36,4665.308023
10.661295,34,4666.398583
10.782398,25,4667.123589
11.156639,31,4668.090384
11.042931,30,4669.017228
10.37764,38,4670.200063
10.495234,30,4671.078841
10.629304,45,4672.524119
11.018448,29,4673.346274
10.818176,35,4674.532718
10.729531,20,4675.117578
10.608252,27,4675.822436
10.766706,34,4676.933351
10.597717,27,4677.786911
10.720628,39,4678.923721
10.515722,30,4679.76163
9.443234,63,4681.601635
11.168545,34,4682.676321
10.948189,27,4683.545726
11.100724,23,4684.302322
10.812291,31,4685.225018
9.984977,43,4686.573195
10.932573,52,4688.142852
10.693751,18,4688.719373
10.681854,27,4689.544228
10.352713,51,4690.983871
10.466277,19,4691.586176
10.406997,49,4693.155968
10.889737,31,4694.189819
10.81758,22,4694.888652
10.847405,36,4695.92561
7.910209,38,4697.093175
10.402718,22,4697.805413
11.333902,49,4699.284013
10.305007,32,4700.246544
10.341714,44,4703.688525
10.508517,30,4704.439409
10.75319,20,4704.970108
10.664787,24,4705.724841
10.883608,30,4706.62255
10.606438,46,4707.944912
10.597229,20,4708.496744
10.913877,28,4709.291564
9.906656,37,4710.390334
11.050405,36,4711.392457
10.688446,26,4712.127891
11.063763,32,4713.017557
10.841502,34,4713.875051
10.500576,30,4714.711218
10.911557,30,4715.58254
10.621184,43,4716.905589
10.234859,37,4718.059993
10.815447,19,4718.638211
10.756353,22,4719.351466
10.339844,29,4720.25721
10.717092,31,4721.151553
10.882746,28,4722.024214
10.108247,37,4722.968729
10.868658,36,4724.060721
10.957384,44,4725.35448
10.606893,49,4726.675
10.724032,27,4727.552058
7.539626,51,4729.066227
11.045622,41,4730.359298
9.908976,33,4731.317245
10.194927,22,4731.971193
10.760226,26,4732.777264
10.352069,29,4733.667016
10.895348,29,4734.520108
10.649871,27,4735.366427
11.338598,31,4736.425448
10.81664,31,4737.357494
10.245561,36,4738.431369
9.505575,54,4740.050857
11.066563,26,4740.967312
11.111049,25,4741.714593
10.990267,45,4743.160537
10.85964,37,4744.181284
8.144068,51,4745.550758
10.920203,29,4746.303364
10.812622,33,4747.330813
10.201202,28,4748.149056
10.793703,28,4748.936062
10.40129,33,4749.927685
10.60557,39,4751.04406
10.063385,31,4751.888503
10.866645,27,4752.667034
11.292496,24,4753.387633
10.89577,26,4754.187202
11.17028,35,4755.086241
8.153987,44,4756.466388
10.037396,42,4757.669245
11.276397,29,4758.444293
10.440295,36,4759.487714
9.694584,52,4760.941768
10.701741,28,4761.803711
11.008794,39,4762.939118
11.090946,37,4766.201662
10.47386,38,4767.084305
10.989582,37,4768.183956
10.341376,19,4768.739144
11.241794,37,4769.712197
10.301373,30,4770.580278
10.571262,14,4770.984434
10.718982,32,4771.943259
11.007826,31,4772.803339
10.502241,30,4773.739919
10.976858,29,4774.691452
10.703315,24,4775.539407
10.877899,21,4776.11324
10.39753,49,4777.380561
10.560794,39,4778.424228
11.370378,35,4779.377569
10.70519,34,4780.450684
11.227463,33,4781.4517
10.91553,35,4782.567848
10.692048,28,4783.375396
10.816126,34,4784.395777
11.212061,30,4785.298631
8.987518,44,4786.476009
10.784166,26,4787.216917
10.389712,48,4788.670661
11.06279,31,4789.500274
10.533138,34,4790.54061
10.671932,27,4791.457623
10.98439,38,4792.650729
10.324405,22,4793.299699
9.405864,44,4794.610204
10.790897,29,4795.430731
11.036813,26,4796.255115
11.160669,32,4797.215868
10.860707,34,4798.254614
8.752601,50,4799.757519
10.761482,51,4801.224931
10.708778,65,4803.043174
10.239276,23,4803.755645
8.398137,48,4805.135648
11.237616,36,4806.169909
11.112308,43,4807.454765
10.740668,43,4808.703984
10.911973,37,4809.691907
11.055539,42,4810.720549
11.047091,36,4811.705643
10.708416,45,4812.767644
10.885615,35,4813.841983
9.942898,40,4814.986703
10.887774,21,4815.561721
11.283945,42,4816.729495
11.147088,26,4817.505144
10.411528,32,4818.485191
11.166588,30,4819.403277
11.244568,44,4820.633112
10.979329,26,4821.404322
11.28519,35,4822.388112
10.582678,41,4823.616935
11.17917,23,4824.30619
10.680144,18,4824.912133
11.112361,40,4828.311577
10.340725,27,4829.00048
10.627575,31,4829.943016
11.320934,36,4831.068121
10.941646,39,4832.3375
10.301347,36,4833.466619
10.884909,18,4834.073346
9.30658,57,4835.862852
10.925919,22,4836.600829
9.704767,58,4838.238086
10.877455,40,4839.450568
10.783524,33,4840.558877
10.821688,30,4841.559487
10.750913,46,4842.698877
10.502794,44,4843.959868
10.531874,19,4844.535855
11.084879,29,4845.493011
11.005281,37,4846.602232
10.734749,26,4847.354554
10.712629,32,4848.275731
10.576043,26,4849.220193
10.427772,25,4849.93765
10.547149,26,4850.736323
10.70039,39,4851.861153
10.853463,21,4852.514293
11.262454,28,4853.269559
10.172864,67,4855.435273
10.317133,32,4856.447345
10.595208,48,4857.900426
10.100953,27,4858.706449
10.680953,30,4859.55207
6.844694,60,4861.35233
10.906092,37,4862.45297
10.822567,27,4863.177247
10.52358,30,4864.176428
10.623725,62,4865.922919
10.263898,43,4867.21372
10.012069,45,4868.548012
11.557598,34,4869.552358
11.181429,36,4870.598362
10.75258,36,4871.611834
10.303891,42,4872.766333
2.493858,68,4874.922985
10.367275,33,4875.856907
9.202421,58,4877.287138
10.54406,20,4877.893955
10.946784,33,4878.792819
10.994391,39,4879.924686
10.336164,36,4881.060428
11.097651,30,4881.989858
11.128431,34,4883.084834
11.042904,41,4884.208688
11.168538,34,4885.166412
10.74595,41,4886.342168
10.833711,32,4887.281888
10.629413,35,4888.223005
10.194266,47,4891.665649
10.847769,37,4892.69411
10.789597,41,4893.849687
10.461668,38,4895.004254
10.509194,50,4896.520986
10.514641,28,4897.362381
11.453346,30,4898.20447
10.783488,31,4899.251177
10.875762,23,4899.967971
10.916744,24,4900.689439
11.187576,30,4901.640783
10.319589,25,4902.48061
10.59138,32,4903.368102
10.959135,26,4904.229538
10.710851,27,4905.042223
9.972578,44,4906.461842
11.132668,41,4907.656047
10.850584,35,4908.635807
11.120856,37,4909.715402
10.95579,30,4910.580688
10.772349,43,4911.871323
11.022712,24,4912.698394
10.320928,36,4913.802114
10.725263,26,4914.631417
8.884621,46,4915.930377
10.714072,55,4917.602699
10.863426,32,4918.478885
10.368049,37,4919.670347
10.548037,22,4920.395809
10.552458,40,4921.684357
10.81275,27,4922.409355
10.699562,41,4923.756094
9.858163,51,4925.204551
11.084467,29,4926.044243
10.758764,40,4927.182717
10.485821,45,4928.428382
9.825726,50,4929.856409
10.290495,26,4930.556836
10.675252,37,4931.626089
10.132483,44,4932.977453
10.732564,34,4934.16808
10.748456,28,4935.019331
10.82034,34,4935.965646
10.848814,20,4936.618795
10.621968,48,4938.168946
10.845369,42,4939.534124
10.600281,32,4940.545405
11.013757,33,4941.515382
10.029494,28,4942.415945
10.254756,33,4943.395817
10.847663,35,4944.515723
9.662991,36,4945.603271
10.873641,35,4946.602211
4.920984,77,4949.044163
10.329022,58,4950.726916
11.085599,40,4951.977726
10.881321,35,4955.305625
10.660758,22,4955.942792
10.895597,20,4956.646648
11.048889,40,4958.004987
10.297913,28,4958.956132
10.976251,29,4960.046405
10.599269,40,4961.257481
10.376025,27,4962.091349
10.633948,15,4962.618492
10.976763,39,4963.83764
10.787584,31,4964.741415
10.887877,28,4965.690897
11.151755,36,4966.748794
9.990474,32,4967.777344
10.774919,35,4968.860869
9.789972,50,4970.37229
11.012852,39,4971.571561
10.616463,41,4972.836733
10.91635,28,4973.581645
10.612863,23,4974.268249
10.680884,51,4975.513012
10.712309,45,4976.897881
10.830514,37,4977.95749
10.61579,62,4979.841208
11.038048,24,4980.650203
10.167126,37,4981.77106
10.68197,35,4982.732721
10.842445,38,4983.829037
10.21241,41,4985.115637
10.695817,45,4986.470269
10.896673,41,4987.604445
10.221311,47,4988.953201
10.054631,47,4990.530427
9.690552,43,4991.850926
11.178589,31,4992.766087
10.622489,16,4993.258887
11.110191,41,4994.372807
10.060317,31,4995.321495
10.541664,42,4996.692151
10.810115,31,4997.691405
10.27809,42,4998.934409
11.10958,28,4999.732356
9.608135,38,5000.962028
10.874725,26,5001.815347
10.654211,44,5003.235696
11.011972,27,5004.04999
10.376641,58,5005.730281
10.432524,37,5006.715864
10.58368,41,5007.845652
10.836445,34,5008.797255
10.626143,30,5009.739172
10.851533,35,5010.732477
10.415487,26,5011.576806
10.054224,31,5012.51791
11.035282,33,5013.549755
10.051946,67,5015.682474
10.829417,38,5019.096883
11.044178,46,5020.251899
10.800508,23,5020.982078
10.737383,27,5021.8264
11.049695,28,5022.76247
10.843388,29,5023.646884
10.695618,43,5024.907477
10.58493,48,5026.51069
10.949569,34,5027.579818
10.767215,32,5028.57968
10.065777,37,5029.64613
9.088028,60,5031.532331
10.272107,34,5032.758275
11.055495,30,5033.615211
10.434362,19,5034.277733
11.002471,31,5035.279479
10.411969,29,5036.214472
11.01873,30,5037.11267
10.807934,26,5037.955375
9.907379,61,5039.619816
10.848886,22,5040.278044
9.500351,26,5041.032633
10.681864,32,5042.042289
10.263338,52,5043.633643
9.972411,40,5044.806366
9.877295,44,5046.14942
10.982081,50,5047.738367
11.422474,21,5048.411317
10.414789,46,5049.858196
11.096817,21,5050.502097
10.312162,41,5051.821392
10.457549,40,5053.085718
10.358447,28,5053.945354
10.624073,26,5054.780409
10.750357,45,5056.207839
10.313803,63,5058.132126
11.188576,34,5059.168783
10.6296,48,5060.665938
10.719905,29,5061.587445
11.19153,37,5062.728672
10.502183,35,5063.780025
10.778931,15,5064.306776
10.760868,34,5065.41043
10.802653,38,5066.630873
10.83854,33,5067.646308
10.094243,34,5068.625066
10.99989,38,5069.825184
9.78316,45,5071.133236
10.087977,42,5072.29003
11.144214,30,5073.080776
10.988918,49,5074.482538
10.854279,31,5075.421001
9.852584,65,5077.379521
10.702691,31,5078.402792
10.553461,33,5079.395764
10.363515,43,5080.722347
9.811042,27,5081.616039
10.663669,37,5084.919415
10.625601,32,5085.900119
10.798183,40,5087.141116
9.90859,45,5088.545833
10.889254,30,5089.509404
10.098539,28,5090.328199
11.106533,24,5090.958962
9.831268,54,5092.668025
10.410671,60,5094.448004
10.564252,31,5095.416139
10.74097,32,5096.397959
10.709046,26,5097.206121
10.814496,30,5098.112198
11.059519,30,5099.142692
10.951189,31,5099.938864
10.709368,23,5100.618713
10.38453,30,5101.527967
10.617631,24,5102.304614
8.896538,38,5103.512617
10.642342,44,5104.747412
10.456711,28,5105.566637
10.305207,43,5106.752654
10.566688,45,5108.111719
11.045466,27,5108.915415
11.011606,27,5109.88816
10.502003,55,5111.475673
8.366236,49,5113.144583
10.502757,31,5114.024171
10.888851,35,5114.973268
11.052298,33,5115.975855
11.128014,44,5117.320386
10.85276,30,5118.407594
11.558507,37,5119.406147
9.153429,47,5120.890925
10.38543,14,5121.286015
10.774653,27,5122.081069
11.003018,23,5122.859161
10.42912,28,5123.66853
9.706912,46,5125.111305
10.974404,23,5125.766752
10.388407,27,5126.561757
9.346848,47,5127.949784
11.207801,35,5129.017178
10.253365,33,5129.95487
10.676116,38,5131.161752
10.26026,32,5132.120886
9.669769,39,5133.427757
10.635373,18,5133.969261
11.127382,36,5134.99877
11.127345,42,5136.245155
10.541425,22,5136.883946
10.95825,28,5137.694903
11.206032,47,5139.07984
10.775073,33,5139.961301
10.75757,32,5141.018109
11.108253,38,5142.216576
10.508987,31,5143.215432
10.400207,24,5143.961571
10.761575,52,5145.497148
10.656782,33,5148.806906
10.615819,33,5149.62673
10.64797,25,5150.404441
10.562303,32,5151.397136
10.914089,39,5152.651159
10.789198,20,5153.305372
11.022591,42,5154.54811
10.550207,29,5155.476633
11.224313,37,5156.612411
10.957231,35,5157.647969
10.787139,24,5158.369539
10.921491,22,5159.028287
11.13499,40,5160.312645
10.340585,26,5161.019063
10.685874,22,5161.751424
10.677126,32,5162.781703
10.826522,26,5163.634654
10.780574,24,5164.431457
10.801602,25,5165.320357
10.313973,38,5166.522461
10.137455,43,5167.796153
10.711891,42,5169.166518
10.480929,31,5170.132903
10.043967,22,5170.740179
10.514972,49,5172.177689
10.464252,23,5172.717228
9.859874,29,5173.58993
9.110163,42,5174.822881
10.579414,26,5175.73364
10.542792,51,5177.233171
10.535697,27,5178.149553
9.962811,36,5179.174654
10.514091,20,5179.744814
7.090083,55,5181.437737
9.209184,34,5182.387197
10.337073,35,5183.383019
10.886656,27,5184.203673
7.957615,107,5187.292199
10.750053,31,5188.182838
11.1374,41,5189.504638
10.586187,37,5190.658197
10.298676,29,5191.504317
11.154845,35,5192.712707
11.226301,26,5193.537957
10.395374,27,5194.380381
10.959372,35,5195.327371
10.803818,35,5196.36626
10.461974,28,5197.207646
10.75686,47,5198.527118
11.016642,33,5199.424222
9.839723,38,5200.491007
10.876162,39,5201.546998
10.585725,31,5202.374062
10.680277,45,5203.495709
10.684384,31,5204.39657
10.649666,35,5205.448488
10.910434,23,5206.070389
11.080584,25,5206.784876
11.069979,44,5208.159203
10.453202,46,5209.593081
10.834825,43,5213.050316
10.181232,27,5213.844756
10.946831,37,5214.977621
10.834411,30,5215.817764
10.359416,25,5216.579089
10.894615,36,5217.731685
10.289825,62,5219.641957
10.808718,43,5220.985528
10.088717,30,5221.920498
10.547209,23,5222.627211
10.805841,36,5223.766493
11.093979,29,5224.708886
10.69453,34,5225.734924
11.043741,24,5226.484576
11.194823,33,5227.556863
10.628011,37,5228.794788
9.824606,26,5229.572391
9.859194,48,5230.908319
10.922373,29,5231.787724
10.843981,25,5232.525264
11.222771,29,5233.487539
10.776424,23,5234.278472
10.5387,43,5235.549741
10.396127,45,5236.810318
10.966737,40,5237.896629
10.900944,28,5238.692748
10.393194,39,5239.795359
10.382681,23,5240.518647
10.984122,34,5241.551721
11.055249,19,5242.166347
7.527012,113,5245.534042
10.960902,26,5246.294034
10.707585,23,5247.05079
10.507283,50,5248.551578
10.524973,21,5249.197462
10.348549,35,5250.292025
10.144144,44,5251.738342
10.222102,59,5253.627983
10.727747,27,5254.39652
9.161488,58,5256.15676
11.124454,40,5257.23627
11.250948,39,5258.408254
10.383362,23,5259.074224
10.946713,27,5259.899405
10.980701,33,5260.892808
10.799114,39,5262.064857
9.933357,57,5263.810879
10.683463,21,5264.446409
10.363606,26,5265.233159
10.373123,29,5266.065383
10.237525,24,5266.857474
10.65263,18,5267.442753
10.93585,51,5268.922259
10.688836,26,5269.622193
10.758349,59,5271.110895
9.927198,50,5272.497759
11.009091,34,5273.545105
8.271341,55,5277.295997
10.560156,41,5278.433199
10.818514,34,5279.462195
10.902086,37,5280.597621
11.19893,28,5281.435161
11.106798,32,5282.366344
10.692922,33,5283.255274
10.689126,36,5284.356846
11.403507,24,5285.116789
10.60297,37,5286.24992
11.037604,32,5287.160522
10.924269,43,5288.450626
10.675586,46,5289.759804
9.498127,30,5290.677969
10.669921,18,5291.237063
10.438398,29,5291.919976
10.388228,36,5293.024466
10.877685,45,5294.27089
11.155351,33,5295.26219
11.026118,31,5296.043951
10.049557,31,5297.121191
10.969217,23,5297.904201
10.821184,23,5298.556098
5.233233,46,5299.918356
10.172239,39,5301.181
10.768675,26,5301.821079
9.852897,24,5302.539359
10.220826,57,5304.20088
10.990734,34,5305.067102
10.772914,38,5306.150038
10.46165,32,5306.936892
10.674607,24,5307.633227
10.815213,28,5308.488528
10.924592,49,5309.888025
8.101274,50,5311.277976
10.023745,28,5312.058023
11.035841,39,5313.219609
10.957269,25,5314.058713
11.128095,29,5314.929449
10.413462,24,5315.666953
6.75871,54,5317.245286
10.310657,33,5318.335422
10.629324,28,5319.161834
10.200905,28,5319.976268
10.242202,50,5321.596937
10.849928,32,5322.578941
11.184889,30,5323.455117
10.885889,23,5324.107727
10.128199,27,5325.055034
10.497993,28,5325.886355
11.023268,41,5327.145021
10.736317,29,5327.990544
10.742729,31,5328.865526
10.256269,33,5329.855567
10.474897,32,5330.865706
11.010628,35,5331.901357
10.976328,25,5332.632629
11.219809,29,5333.580024
10.358175,60,5335.243406
10.604729,26,5335.942944
11.242844,44,5339.326921
11.187815,26,5339.979275
11.136681,25,5340.673657
10.362863,44,5342.04644
10.786777,34,5342.978331
10.961203,26,5343.819987
10.658372,38,5344.887703
10.360595,26,5345.69492
10.10305,45,5346.971822
10.61274,41,5348.279267
10.91767,32,5349.273072
10.912954,28,5350.062964
10.397463,31,5350.979902
10.649903,35,5351.951649
10.991349,32,5352.862286
10.566497,20,5353.516693
10.807719,34,5354.584467
10.628602,23,5355.402032
10.928552,31,5356.297897
10.524535,34,5357.256898
10.97705,38,5358.499231
10.253368,31,5359.47375
10.405369,45,5360.747671
10.587372,28,5361.580818
9.907991,42,5362.756421
10.920333,26,5363.518981
10.569428,68,5365.521987
10.066562,37,5366.58083
10.131676,34,5367.534767
10.610673,35,5368.449098
10.333535,23,5369.118815
10.655644,29,5370.086103
10.750217,20,5370.707148
10.28835,38,5371.893529
9.88589,34,5372.970562
10.252253,38,5374.092137
10.739335,29,5374.998904
10.157112,44,5376.345417
11.088282,35,5377.398025
10.787533,32,5378.33026
11.152385,44,5379.663079
11.0523,26,5380.455054
10.928487,63,5382.28436
9.99014,23,5382.930965
10.748687,20,5383.527866
9.935191,26,5384.371226
10.53852,26,5385.196257
9.070543,78,5387.567513
10.596521,34,5388.588105
10.711593,47,5389.939611
9.289806,58,5391.687896
11.041494,31,5392.647981
10.996309,26,5393.412209
11.129237,43,5394.610409
10.613153,33,5395.570223
10.3529,30,5396.507457
9.373886,40,5397.70613
10.964844,40,5398.945925
10.624037,42,5402.052633
10.385972,35,5402.921468
10.488005,54,5404.495702
10.72005,32,5405.537891
10.451649,28,5406.320473
11.106172,31,5407.141401
10.476773,27,5407.947147
11.26796,42,5409.276676
11.094936,22,5409.947867
10.961963,28,5410.867036
10.437227,27,5411.766659
10.74384,47,5413.197425
9.964694,48,5414.725194
10.857712,52,5416.471689
11.144048,41,5417.730394
11.126588,52,5419.424121
10.829214,22,5420.141569
10.655971,27,5421.060437
11.003431,22,5421.756501
10.168901,41,5423.053678
10.084335,57,5425.000349
11.1365,27,5425.74932
9.74202,44,5427.35476
10.833596,27,5428.168071
10.268906,30,5429.215901
10.94677,26,5430.067394
10.614587,24,5430.840495
11.0776,38,5431.974688
11.214202,33,5432.865086
10.727599,21,5433.474565
10.44111,18,5434.034236
11.182673,41,5435.248032
11.103309,34,5436.217046
10.450406,27,5437.081161
9.910632,30,5438.108731
10.811824,39,5439.262301
9.778676,54,5440.921223
11.045815,23,5441.661726
9.877692,44,5443.03001
10.987964,30,5443.980057
10.419242,22,5444.634253
10.257195,39,5445.930286
10.184282,21,5446.666438
10.786024,37,5447.836966
10.985911,33,5448.98641
11.223146,42,5450.265148
7.907843,55,5451.879475
10.68885,27,5452.764207
10.049106,28,5453.722019
10.829803,29,5454.570935
10.58531,24,5455.392348
10.705234,37,5456.574317
10.197443,44,5457.89042
10.521224,48,5459.346993
10.620826,22,5460.007774
11.052054,33,5461.075535
11.297508,33,5462.088832
10.812136,30,5463.186564
9.750606,25,5463.991548
11.016015,31,5464.856777
10.449908,50,5468.244242
9.994686,58,5469.963205
10.253614,23,5470.770263
10.565835,20,5471.43597
11.08371,37,5472.61658
8.577436,64,5474.556552
10.468357,40,5475.759281
10.66703,38,5477.001337
11.397891,38,5478.197658
11.028242,44,5479.609287
10.860628,48,5481.281033
10.923578,32,5482.343549
10.467157,52,5483.921267
10.831544,48,5485.459726
10.867337,27,5486.389782
11.067893,42,5487.82733
10.848945,42,5489.150749
10.759348,21,5489.805418
9.288153,62,5491.8304
10.250923,46,5493.37584
10.387425,39,5494.542419
10.59945,22,5495.289115
10.709853,27,5496.237404
9.92654,22,5496.944745
10.744277,27,5497.746707
10.678622,31,5498.648359
10.328119,33,5499.579686
10.566792,26,5500.312994
10.778766,28,5501.168511
11.265809,34,5502.216376
10.978833,34,5503.360771
10.83775,18,5503.952406
10.451791,38,5505.296891
10.842942,30,5506.234688
10.533773,32,5507.259127
11.002093,39,5508.565843
10.426189,28,5509.412993
10.482446,32,5510.410966
10.598175,42,5511.656736
9.901525,35,5512.933805
10.413986,28,5513.874167
10.705985,33,5514.923985
10.42969,57,5516.775881
10.716718,18,5517.358278
10.321572,39,5518.567106
8.990999,70,5520.828357
10.683535,42,5522.106295
10.634277,55,5523.70609
11.113622,24,5524.40865
10.439089,20,5525.060364
10.990698,28,5525.987714
10.534312,34,5527.145296
10.996663,41,5528.353998
10.879841,28,5529.274033
11.11272,25,5530.056352
10.088063,48,5531.410293
10.846857,40,5534.677231
9.729738,35,5535.562958
10.695601,36,5536.582103
10.64034,22,5537.173444
10.165445,47,5538.524798
9.95275,51,5540.065996
10.695221,29,5541.00092
10.962331,35,5541.940175
10.950615,31,5542.839253
9.740559,49,5544.299281
9.731188,36,5545.389817
10.174728,44,5546.590644
10.833151,42,5547.877102
10.714195,17,5548.46015
10.632091,21,5549.110335
11.089149,30,5550.001635
10.456518,45,5551.437481
10.750536,49,5553.078873
8.381228,58,5554.971883
11.1169,24,5555.737423
9.181219,33,5556.786741
10.856945,16,5557.319399
10.866566,20,5558.052742
10.62635,28,5558.955698
10.330839,33,5559.925769
10.565932,30,5560.849263
10.933783,58,5562.595271
6.384781,36,5563.655424
10.62058,23,5564.275913
10.417321,51,5565.699245
10.900814,29,5566.589864
10.134025,30,5567.519266
10.79795,27,5568.296937
10.506517,36,5569.359126
10.463901,60,5571.218581
10.981479,35,5572.315698
10.709078,49,5573.894675
10.860191,44,5575.256893
10.779411,31,5576.205231
10.771727,33,5577.160531
9.996849,33,5578.009464
10.741049,44,5579.293377
10.571348,55,5580.822106
10.524367,32,5581.816507
10.569633,35,5582.877202
10.612735,26,5583.694488
10.565793,28,5584.51932
7.701916,69,5586.766118
11.006557,48,5588.321921
9.918716,54,5589.989038
11.003514,23,5590.789454
10.562304,21,5591.456863
10.946778,34,5592.467468
10.909688,29,5593.429697
10.854612,43,5594.791142
10.563765,32,5595.793107
10.547976,24,5596.415124
10.52382,37,5599.556104
9.96093,42,5600.716218
10.962697,32,5601.697844
9.298402,43,5603.005136
10.490776,29,5603.892047
10.855233,34,5604.956238
11.191919,30,5605.930448
10.908374,32,5606.862801
10.220699,27,5607.721446
10.257696,42,5608.916018
10.683196,48,5610.377612
10.823646,19,5610.963113
10.704897,24,5611.726748
11.383404,33,5612.810275
10.565692,33,5613.837774
10.952649,29,5614.827024
10.827767,33,5615.780262
9.491703,57,5617.598767
10.643717,38,5618.676339
11.052066,50,5620.19224
10.379431,36,5621.328967
10.34675,37,5622.316912
10.872963,33,5623.377182
10.82506,47,5625.016068
8.986358,50,5626.433589
10.580853,32,5627.424214
10.839396,25,5628.158875
10.099003,51,5629.548696
9.240226,38,5630.656437
10.931067,39,5631.720412
11.11571,47,5633.284501
10.913983,51,5634.871148
10.496006,27,5635.678784
11.026114,44,5637.033093
10.898554,27,5637.835689
10.477615,34,5638.925743
10.601067,24,5639.748648
10.276504,34,5640.792502
10.726555,28,5641.680809
5.007354,73,5644.006584
10.154714,41,5645.321095
11.04081,27,5646.138907
10.324538,36,5647.137126
10.53222,28,5648.191185
9.06954,66,5650.092
10.896412,38,5651.305722
11.032749,28,5652.148191
10.191864,25,5652.868118
11.010606,62,5654.585087
10.77434,19,5655.072966
11.617529,38,5656.272414
10.751587,40,5657.519394
11.035067,31,5658.38937
10.512688,46,5659.708611
10.360114,43,5663.141815
10.716494,24,5663.633404
9.984697,49,5664.877299
10.684903,24,5665.618386
11.245592,28,5666.449869
10.634507,29,5667.235688
10.921242,38,5668.46916
10.844017,42,5669.665893
11.03993,23,5670.361708
10.352371,22,5670.965387
9.372967,32,5671.937165
10.714597,27,5672.823011
8.900509,44,5674.039999
10.119116,34,5674.99739
10.681736,26,5675.752651
11.132774,24,5676.41759
10.787114,30,5677.274778
10.642448,14,5677.702382
10.944388,40,5678.942182
10.518347,49,5680.277538
10.545768,34,5681.318586
10.773009,39,5682.543305
10.942708,25,5683.230741
11.02432,39,5684.38512
9.820175,31,5685.276529
11.013062,28,5686.143937
9.592198,51,5687.666028
8.341785,58,5689.435721
10.175289,28,5690.358822
10.267958,63,5692.174093
10.277659,31,5693.052341
10.707027,41,5694.383385
11.333122,42,5695.491281
10.446955,39,5696.52333
10.698434,31,5697.471937
10.92297,36,5698.671639
10.684359,36,5699.815503
10.587,32,5700.793768
10.914557,18,5701.324229
11.3032,30,5702.187802
9.965542,57,5703.945783
11.096983,21,5704.574372
10.643771,29,5705.421763
9.098475,42,5706.540521
10.71345,29,5707.374048
10.499935,46,5708.752526
10.605867,40,5709.994317
11.043981,45,5711.463299
10.872376,33,5712.475953
9.753851,28,5713.205204
10.936208,30,5714.066188
10.986178,38,5715.196445
11.054296,37,5716.231548
10.454934,41,5717.427127
10.223956,50,5718.831518
10.639673,37,5719.998604
10.961196,44,5721.322906
10.318731,31,5722.245946
10.802535,43,5725.722081
10.518574,58,5727.321106
10.547354,42,5728.556504
10.173089,42,5729.639323
10.930964,43,5730.776963
11.165993,41,5731.93901
10.346372,28,5732.790277
10.928942,46,5734.152941
10.926563,30,5735.027611
10.789279,30,5735.914678
10.273554,49,5737.412578
11.103414,38,5738.487339
10.729505,40,5739.59912
10.63021,26,5740.300861
9.119228,58,5742.006545
10.777879,33,5743.078208
10.628321,44,5744.470671
11.013793,42,5745.633605
9.962698,53,5747.069978
10.998287,36,5748.07968
10.311874,28,5748.876313
10.877988,39,5750.056635
8.377962,43,5751.378033
10.833087,59,5753.133864
11.170458,56,5754.835409
11.182289,41,5755.983889
10.33456,31,5756.848628
11.231655,49,5758.356984
10.971254,36,5759.39002
10.624637,37,5760.350927
10.500121,32,5761.132239
10.375624,31,5761.801298
9.468988,49,5762.951404
9.963158,37,5763.953017
10.799044,23,5764.63442
11.050438,33,5765.589071
10.753197,35,5766.588834
10.480227,22,5767.316478
11.189509,38,5768.388668
10.275046,42,5769.50009
10.419223,39,5770.516214
11.046126,41,5771.721077
10.976545,24,5772.474274
11.029314,24,5773.161191
10.307582,38,5774.303916
10.648111,37,5775.455817
10.377436,25,5776.199919
10.74832,39,5777.423019
10.444196,23,5778.032004
10.377283,23,5778.845902
10.985852,19,5779.389262
10.815387,33,5780.331524
10.554774,18,5780.942296
10.739706,24,5781.647902
10.49868,48,5783.158576
10.809799,31,5784.179522
10.539744,23,5787.076111
10.720327,40,5788.083645
8.533075,59,5789.873823
10.400438,44,5791.280016
10.482348,46,5792.582267
10.772892,33,5793.537428
10.267207,42,5794.670086
10.189078,39,5795.74299
10.187873,45,5797.042371
9.816796,37,5798.210587
10.711013,17,5798.746097
10.679889,27,5799.610454
9.832607,44,5800.939261
10.833629,24,5801.750132
10.462674,29,5802.546768
10.859368,33,5803.457805
11.1235,43,5804.674879
10.695236,34,5805.726063
11.008464,44,5807.1242
10.70779,49,5808.571821
10.89599,25,5809.30355
10.754123,36,5810.347425
9.115095,45,5811.720343
10.944044,38,5812.824945
10.572665,38,5813.944037
10.696134,34,5815.008867
10.364619,37,5816.142887
9.847924,68,5818.205098
10.439213,50,5819.714731
10.259958,63,5821.492671
10.851018,31,5822.487412
10.718587,27,5823.362666
10.498315,27,5824.189847
9.887745,48,5825.68403
7.866233,68,5827.549519
10.565791,36,5828.597166
10.352013,35,5829.608772
10.538009,37,5830.61584
10.917744,35,5831.626139
10.622703,33,5832.589633
10.725829,26,5833.323562
10.306142,43,5834.576654
10.939093,31,5835.498857
10.696876,41,5836.692752
10.527205,26,5837.502313
11.213947,26,5838.431576
10.356882,34,5839.375568
11.044209,41,5840.627871
10.634296,53,5842.384523
10.644349,41,5843.606696
9.853159,51,5845.066022
11.178222,35,5846.116699
10.853457,30,5846.981245
9.923435,48,5850.629361
9.833366,30,5851.46117
10.468796,38,5852.419363
10.174146,46,5853.80782
10.81511,38,5854.967374
11.089578,39,5855.926144
10.479505,32,5856.847852
10.702794,26,5857.642062
11.106915,31,5858.507947
10.995447,52,5859.762117
10.92018,34,5860.583514
10.200674,26,5861.317693
10.669462,37,5862.451376
10.802696,22,5863.076466
10.598567,22,5863.82819
9.772709,34,5864.807059
10.838781,24,5865.519512
10.908042,37,5866.620291
10.978334,48,5868.041077
10.995014,23,5868.768905
10.950045,29,5869.624552
9.483609,40,5870.792463
10.988779,36,5871.751846
10.721253,21,5872.357572
10.607616,30,5873.297657
10.523152,23,5873.957297
11.01098,30,5874.794309
11.223407,42,5875.976569
10.728754,28,5876.896653
10.760471,47,5878.251965
10.997255,38,5879.436043
10.997022,42,5880.751495
10.626688,31,5881.557697
11.022366,36,5882.655047
11.142562,40,5883.796985
10.955118,37,5884.95906
10.335595,23,5885.724053
10.605119,35,5886.706021
10.469529,28,5887.592454
10.744875,30,5888.553171
10.469622,43,5889.778268
10.32031,26,5890.650331
10.19541,50,5892.146317
11.250853,34,5893.17634
10.592147,20,5893.713207
11.210046,34,5894.835013
10.814215,38,5895.909479
9.960665,25,5896.667273
10.822687,28,5897.593895
10.903227,27,5898.416595
10.974831,31,5899.352989
11.443703,30,5900.279938
10.585516,18,5900.940495
10.503367,28,5901.870271
10.855984,27,5902.716205
10.685529,23,5903.482437
10.753603,23,5904.253674
10.700692,24,5904.985124
11.069969,36,5906.202067
11.100327,30,5907.154715
10.794652,26,5908.010641
11.332756,39,5909.308819
10.904935,32,5910.336531
10.871815,49,5913.950648
11.204486,42,5915.296313
11.083996,35,5916.399165
11.190747,35,5917.527422
10.66374,41,5918.872561
10.357695,47,5920.406502
11.123317,33,5921.490972
11.073311,35,5922.582401
11.014655,36,5923.604729
11.046342,44,5924.959996
7.10589,45,5926.268876
10.621674,44,5927.512888
11.122674,28,5928.42728
11.114701,36,5929.54178
10.434425,29,5930.50172
10.184939,39,5931.744025
10.717524,21,5932.386831
11.132156,33,5933.405605
10.418378,35,5934.437881
10.138563,55,5936.149291
10.658673,49,5937.61396
10.899981,17,5938.154591
10.411912,21,5938.811313
10.170092,22,5939.566315
10.829469,45,5940.980806
10.95281,26,5941.850679
10.399447,23,5942.473398
10.318099,55,5944.224215
11.038071,48,5945.769751
10.687224,23,5946.539578
10.611712,25,5947.339332
10.177453,29,5948.188393
10.89472,25,5948.981098
11.005602,59,5950.821773
11.039034,29,5951.715786
10.447537,32,5952.732765
10.182042,36,5953.810987
10.810561,22,5954.560271
9.616245,55,5956.255255
9.603399,26,5957.039393
10.668101,31,5957.914498
10.485411,39,5959.011562
10.799039,21,5959.603974
10.682011,28,5960.461703
11.055875,48,5962.019133
10.834524,34,5963.155824
8.352432,47,5964.60842
10.38065,39,5965.693689
9.817805,53,5967.341381
10.051681,33,5968.301427
10.452331,33,5969.126135
10.625806,45,5970.399642
10.508086,20,5970.960654
10.535932,38,5972.115937
10.696259,21,5972.7177
10.571114,35,5973.871701
10.812993,34,5974.931346
10.57835,54,5978.83508
11.131767,35,5979.725548
11.002576,34,5980.70436
10.862809,27,5981.581559
10.282905,26,5982.360319
10.854136,34,5983.397563
10.680559,37,5984.644101
10.741504,29,5985.54269
10.83987,38,5986.84414
11.371174,34,5987.873301
11.021322,40,5989.237547
11.059098,36,5990.365369
10.259504,60,5992.058773
10.872022,26,5992.734874
11.129695,36,5993.820467
10.666418,47,5995.288644
11.023208,27,5996.122705
10.613836,41,5997.460232
10.513894,22,5998.196864
10.979146,36,5999.474523
10.540392,24,6000.132777
11.162959,29,6001.128255
10.742148,24,6001.890722
10.551316,36,6003.14254
11.065577,34,6004.316271
9.865459,32,6005.453
9.717581,32,6006.515776
10.998701,41,6007.749671
10.80787,37,6008.893398
10.731307,26,6009.717506
10.071461,37,6010.861826
10.571534,28,6011.695561
10.610174,46,6013.141606
10.918648,25,6013.865839
10.538902,33,6014.869935
11.05273,42,6016.024353
10.664646,43,6017.294091
10.726153,49,6018.772883
10.711763,29,6019.742465
10.120563,44,6021.010912
11.033508,24,6021.716406
9.508068,43,6022.938288
9.720048,51,6024.248846
10.998006,35,6025.274094
10.774085,26,6026.004352
11.028195,48,6027.470607
10.911639,41,6028.639539
10.832533,36,6029.508327
10.842589,31,6030.428861
10.574133,30,6031.316382
10.753011,24,6032.094059
11.241127,40,6033.266176
10.771055,40,6034.389097
9.546714,42,6035.623547
10.672122,27,6036.384864
10.647403,30,6037.279189
10.104618,51,6038.910208
10.851624,51,6040.366546
10.183377,39,6043.717231
10.922151,22,6044.323108
11.071447,39,6045.53585
11.251602,39,6046.675616
10.37602,35,6047.733203
10.538484,19,6048.36533
10.867811,20,6048.974419
10.988136,38,6050.012997
10.525408,29,6050.849414
11.187569,35,6051.883615
10.5948,48,6053.281762
10.909017,53,6054.870738
10.250629,61,6056.628315
10.694013,28,6057.357735
10.793716,40,6058.418353
10.463017,23,6059.083091
10.388331,25,6059.85961
10.113743,52,6061.278415
8.975594,30,6062.138563
11.040163,31,6063.041599
10.916883,25,6063.797594
10.976064,39,6065.018584
10.379766,35,6066.157087
10.475638,79,6068.663217
11.090774,30,6069.590733
10.695138,30,6070.512252
10.897564,27,6071.392187
10.897541,35,6072.401605
11.026139,37,6073.33516
10.819808,36,6074.295607
10.545804,36,6075.363017
10.6448,38,6076.516341
10.767827,58,6078.2635
10.266379,28,6079.039143
10.749018,27,6079.834412
10.514763,52,6081.353642
10.948382,29,6082.177854
10.792412,36,6083.322243
10.379326,39,6084.471313
10.099207,48,6085.972674
10.697958,27,6086.826526
10.889175,21,6087.46602
10.836001,32,6088.430312
9.71977,47,6089.646227
10.640139,37,6090.62263
11.205724,48,6092.098871
10.466427,34,6093.046941
10.726359,44,6094.304358
10.810287,48,6095.656612
11.102648,48,6097.016212
10.923706,27,6097.815861
10.814577,45,6099.203472
10.416677,24,6099.924161
10.485269,35,6100.952949
10.451717,24,6101.726083
