#{"t_start": 1774181056.7920475, "env_id": "None"}
r,l,t
-16.363813,150,6.325683
-14.613598,150,8.564924
-14.477262,150,11.154355
-19.373053,150,14.141171
-18.01923,150,17.408903
-22.415527,150,20.568096
-22.836752,150,23.652143
-16.633143,150,27.047754
-13.159646,150,30.277167
-19.386222,150,32.719948
-11.942249,150,35.831304
-11.810444,150,38.372825
-13.588061,150,40.585325
-14.746977,150,44.078195
-7.813265,150,46.650834
-12.208467,150,49.607792
-10.618442,150,52.235355
-9.163104,150,55.980154
-11.602343,150,59.313533
-13.952009,150,62.317069
-10.030382,150,64.458163
-13.118163,150,67.35777
-12.261374,150,71.213988
-11.493922,150,74.688436
-11.746165,150,78.442147
-13.879174,150,82.438085
-12.39352,150,85.271628
-9.311831,150,88.55599
-7.565045,150,91.774426
-10.080184,150,95.29369
-6.512196,150,98.386283
6.412846,111,100.757722
-7.035213,150,102.959177
-8.984946,150,106.240565
-11.008684,150,109.135358
-8.838152,150,112.172848
-6.201446,150,115.418957
-11.167714,150,118.859175
-7.592086,150,122.454668
-10.493639,150,125.496888
-8.202342,150,127.978908
-7.532718,150,132.798454
-7.048013,150,135.931106
-10.695897,150,139.311538
-7.520884,150,142.843448
-7.830342,150,146.037588
-8.456798,150,149.760954
-6.688556,150,153.31057
-8.238456,150,156.594053
-8.968287,150,160.302626
-7.49512,150,163.737919
-5.492722,150,166.658362
-6.897872,150,169.507756
-10.384417,150,173.012444
7.558213,75,174.71423
-8.341717,150,180.345677
-4.476285,150,183.658138
-8.131145,150,187.077751
-4.70227,150,190.366403
-6.32317,150,193.977242
-9.323884,150,197.510772
-6.751258,150,200.998997
-10.623602,150,203.696547
-8.039034,150,206.798909
-4.548778,150,210.004545
-7.91726,150,213.588038
6.598649,140,216.587698
-5.353736,150,220.055051
-5.796084,150,223.734675
-4.950042,150,229.398966
-7.537865,150,232.689878
-8.571218,150,236.216161
-7.947838,150,239.5969
-6.748136,150,242.148363
-9.283726,150,244.866152
-6.628107,150,247.72388
-9.371882,150,251.127593
-5.080903,150,254.443627
-3.842352,150,258.193763
-9.224872,150,261.505594
-9.266815,150,265.122117
-8.65292,150,268.293869
-7.487105,150,273.749204
-5.71911,150,276.877022
-4.678719,150,279.807366
-9.337185,150,282.940361
-6.1385,150,286.393733
-8.143293,150,289.939882
-5.802817,150,293.530815
-6.311608,150,296.86254
-11.023612,150,300.659857
-5.203914,150,304.202634
7.039722,105,306.433863
-8.480489,150,309.970877
-7.180938,150,313.541656
6.648931,128,316.016648
-6.360716,150,320.807807
-5.677679,150,324.009977
-4.675351,150,327.14782
-5.253231,150,330.70259
-5.938316,150,334.404309
-6.559208,150,337.859216
-6.590849,150,341.24422
-6.855701,150,345.155036
-5.772682,150,348.81515
-9.265631,150,352.003348
-4.534974,150,355.247254
-5.117911,150,358.139938
-7.282917,150,361.595054
-5.413421,150,365.018598
-4.287778,150,370.76849
8.550921,94,372.905898
-6.547717,150,376.015974
-12.798873,150,379.261956
-6.176583,150,382.79894
-5.989005,150,386.258745
-5.187229,150,389.834849
-6.163743,150,392.702125
-6.892474,150,395.563323
-7.845507,150,398.548424
-5.685696,150,402.054737
-4.13814,150,405.400423
-6.278327,150,409.025537
-6.192137,150,412.54714
-3.365392,150,418.447143
-8.248837,150,422.244477
5.297081,98,424.564306
-3.128417,150,427.869575
-7.884956,150,431.013323
-5.138163,150,433.649274
-6.150146,150,436.394122
-30.151251,150,439.825077
-6.566111,150,443.388107
-5.072124,150,446.906028
-5.082055,150,450.449323
-7.487311,150,454.00729
-2.416634,150,457.174175
-3.300366,150,460.647298
-6.142841,150,466.626682
-7.167674,150,469.425866
-7.566139,150,472.317466
-6.13241,150,475.788826
-8.584459,150,479.257602
-5.957723,150,482.747004
-5.982157,150,486.371294
-6.218403,150,489.908995
-6.287798,150,493.647392
-6.305088,150,497.437972
-6.152974,150,501.087803
-7.172681,150,504.801193
-4.342129,150,507.864606
-8.623341,150,510.851376
-6.163235,132,515.91309
-5.175304,150,519.631291
-5.096143,150,523.180498
-4.755752,150,527.00821
-5.183167,150,530.631449
-3.745901,150,534.393046
-4.857423,150,537.96383
-5.04489,150,541.677244
-3.408974,150,545.009569
-4.882013,150,547.820077
-6.575599,150,550.892594
-5.82659,150,554.397673
-10.144213,150,558.197562
-6.141219,150,564.248513
-5.076869,150,567.863113
8.798261,119,570.888866
-5.280282,150,574.56518
-3.575089,150,577.854843
-5.689133,150,581.122098
-5.529184,150,584.031378
-4.882947,150,587.004339
-6.421666,150,590.540823
-5.340006,150,593.913964
-5.300796,150,597.274895
-5.198265,150,600.725789
-5.470571,150,603.922068
-9.321956,150,607.515794
-14.595472,150,613.274207
-5.940574,150,616.789062
-5.973268,150,620.223496
-4.286692,150,623.194842
8.499608,121,625.625253
-4.682008,150,629.199883
7.819903,81,631.288882
-3.869347,150,634.816285
6.169767,138,638.137708
-4.669533,150,641.762026
-4.340263,150,645.402835
-7.114387,150,649.039373
-4.092442,150,652.488998
-5.369344,150,656.004425
-5.788245,150,659.161738
-4.066643,150,663.879631
-4.557432,150,667.079178
-5.091149,150,670.739364
-3.946931,150,674.432205
5.706757,89,676.814991
-6.470415,150,680.512968
-4.325047,150,684.231846
-4.913133,150,687.709313
-5.885107,150,691.459492
-4.974679,150,694.805634
-6.096585,150,697.475567
-3.90034,150,700.346974
-5.150714,150,703.492235
-4.703067,150,707.353842
-3.967043,150,713.391484
-5.0034,150,717.107038
-5.405681,150,720.600795
-2.90751,150,724.28113
-3.750901,150,727.922795
-2.138633,150,731.326174
-3.393859,150,734.606876
7.909037,96,736.467506
-5.305871,150,739.376984
-5.352644,150,742.871824
-4.624954,150,746.205768
-4.872126,150,749.696929
-5.164599,150,753.37436
-5.004794,150,757.112186
-5.999074,150,762.850516
-5.098082,150,766.592372
-5.726224,150,770.291795
-26.744114,150,773.22544
8.571801,56,774.498904
-2.775051,150,777.506756
-3.257012,150,780.787289
-4.153335,150,784.523814
-3.005798,150,787.818145
-5.108614,150,791.560592
-6.35572,150,795.060362
-3.125392,150,798.698702
-2.872877,150,802.504351
-4.720853,150,806.201988
-4.4872,150,811.706249
-5.181312,150,814.710446
-6.124106,150,818.129661
-6.902788,150,821.691224
-3.179864,150,825.000058
-6.960915,150,828.920793
-4.75217,150,832.405137
-5.982486,150,835.991689
-2.032548,150,839.544887
-5.393021,150,843.247885
-5.14437,150,846.900187
-7.992688,150,850.075728
-9.118517,150,852.861222
-4.910377,150,855.951486
-7.287498,150,861.983845
-4.146652,150,865.439864
-3.175184,150,869.293778
-3.146159,150,873.099534
-3.421875,150,876.509597
10.028622,46,877.510713
-5.281888,150,880.982162
-5.360055,150,884.747962
-3.749253,150,887.691218
-5.568014,150,890.857419
-5.644985,150,893.945241
-3.818637,150,897.839239
-3.91168,150,901.45966
-5.600546,150,905.020189
-5.86118,150,910.659028
-6.187396,150,914.475259
-4.911411,150,918.243154
-4.995178,150,921.798988
-4.668678,150,924.963739
6.610283,142,927.982116
-3.734964,150,931.245167
-4.934484,150,935.030546
-3.414986,150,938.728237
-4.075645,150,942.497027
-4.993745,150,945.905035
-4.012605,150,949.468567
-7.06417,150,953.209949
-5.097677,150,956.649999
-3.752798,150,962.326695
-4.909094,150,965.362959
-4.672559,150,968.225316
-3.99042,150,971.323359
-3.818688,150,974.837883
-3.399507,150,978.498198
-5.172026,150,982.264535
-4.351278,150,986.074775
-5.032548,150,989.711965
-5.084305,150,993.231596
-3.95284,150,996.734105
-3.247856,150,1000.34839
9.328177,62,1001.78207
-2.786439,150,1004.585383
-4.539935,150,1009.974242
-3.967853,150,1013.905538
-4.775633,150,1017.714878
-4.167997,150,1021.596803
10.85438,70,1023.325818
-5.187501,150,1027.005697
-3.871292,150,1030.49508
-3.713625,150,1034.354698
-3.783087,150,1037.701567
-3.554385,150,1040.716868
-3.663622,150,1043.70947
-4.925671,150,1047.092927
-3.938602,150,1050.603955
-5.505913,150,1054.183367
-3.566958,150,1059.601912
-3.283674,150,1063.067128
-3.197308,150,1066.858027
-3.262189,150,1070.575693
-4.523375,150,1074.299236
-5.031266,150,1077.369731
-4.049,150,1080.365282
-4.255821,150,1083.1831
-3.891623,150,1086.483809
-3.459691,150,1089.840969
-3.713312,150,1093.789769
-5.125098,150,1097.352936
-3.916725,150,1101.050281
-5.188127,150,1104.493619
-4.734927,150,1110.397747
7.390564,136,1113.594858
-2.381055,150,1116.648814
-2.993273,150,1119.465951
-3.691769,150,1122.870635
-3.608641,150,1126.523476
-4.273089,150,1130.34681
-5.431921,150,1134.046612
-1.884086,150,1138.071904
-3.434778,150,1141.534515
-6.256121,150,1145.074723
-5.204802,150,1148.442441
-1.991902,150,1151.927154
-3.631192,150,1155.129548
-4.487712,150,1160.039765
-4.038108,150,1163.539393
-2.878999,150,1167.363624
-2.371914,150,1171.018398
9.63796,48,1172.246128
-7.25447,150,1175.811814
-3.020803,150,1179.609173
9.339339,86,1181.611248
-3.124759,150,1185.218558
9.612641,59,1186.722138
-4.726043,150,1190.165795
-2.041833,150,1193.028709
-5.79051,150,1196.037378
-3.600567,150,1199.546723
-3.088907,150,1203.10847
8.420471,126,1208.47201
-3.531169,150,1212.175143
8.213275,96,1214.571823
-8.021887,150,1218.161534
-3.129739,150,1221.710212
-3.011476,150,1225.404912
-5.321587,150,1228.892442
-2.384245,150,1231.907894
-2.442747,150,1234.873623
-4.212893,150,1237.920832
-4.996724,150,1241.70732
7.858456,99,1244.175576
-3.872265,150,1247.791232
-5.228651,150,1251.219504
-4.039067,150,1257.218014
-3.907177,150,1260.551875
-5.551049,150,1264.080663
-7.608707,150,1267.161323
-3.627843,150,1270.239476
-1.961758,150,1273.427212
10.406862,56,1274.583689
-3.812697,150,1278.040786
-4.564549,150,1281.685017
-2.84381,150,1285.930565
-5.987844,150,1289.704343
-2.072009,150,1293.369919
8.558786,63,1294.89987
-3.691389,150,1298.376454
-6.266067,150,1301.867821
9.147984,58,1303.281002
-3.163651,150,1308.345083
-4.381328,150,1311.292193
-4.873473,150,1314.579699
-4.836759,150,1318.263944
-8.107098,150,1321.896904
-4.445382,150,1325.494493
-4.24282,150,1329.001155
-5.419442,150,1332.496902
-3.204587,150,1336.156578
-3.819735,150,1339.838883
-3.820713,150,1343.151018
-4.148886,150,1346.22211
-4.3261,150,1349.26133
-4.109148,150,1352.72999
-4.662995,150,1358.42439
8.533663,104,1360.853378
-5.908095,150,1364.45959
-3.745553,150,1368.065767
-7.158547,150,1371.925802
-4.252189,150,1375.588693
-3.468776,150,1378.832361
-7.108329,150,1382.135417
-4.287593,150,1385.087738
-2.541318,150,1388.271652
-3.651651,150,1391.811416
-3.126715,150,1395.430997
-2.452865,150,1399.011423
-2.912505,150,1402.595867
-4.447231,150,1408.374047
-3.914386,150,1412.174746
-3.203752,150,1415.731854
-3.002781,150,1419.227427
-1.946174,150,1422.437626
-8.92714,150,1425.362823
-3.600353,150,1428.78167
-4.112039,150,1432.467597
-3.255252,150,1436.344717
-4.67869,150,1439.962167
-3.866653,150,1443.725613
-2.663409,150,1447.339729
-3.15193,150,1451.105041
-3.46245,150,1456.858865
-2.762363,150,1459.861598
8.416037,65,1461.147638
-3.627673,150,1464.211142
-2.865086,150,1467.656937
-5.94732,150,1471.438374
-3.595775,150,1474.991595
-5.047953,150,1478.385502
-2.064301,150,1482.063763
-4.76057,150,1485.617882
-3.158105,150,1489.179487
7.611708,67,1490.801494
-4.341359,150,1494.468664
-3.15082,150,1497.371077
-4.574918,150,1500.265022
-2.566466,150,1505.076491
-3.646903,150,1508.309278
-3.323789,150,1511.937711
-4.540472,150,1515.960259
-2.152327,150,1519.598139
-3.169081,150,1523.22028
-2.876763,150,1526.9261
-3.28873,150,1530.62865
-4.916614,150,1533.703168
-3.885317,150,1536.415273
-3.481227,150,1539.28437
-3.859951,150,1542.445578
-3.981428,150,1546.167851
-2.933397,150,1549.906897
-3.902218,150,1555.644049
-4.925877,150,1559.169159
-4.254097,150,1562.709122
-2.915842,150,1565.857473
-4.454876,150,1568.974771
-2.369733,150,1572.212823
-2.156428,150,1575.110461
-4.205371,150,1578.053355
-3.32524,150,1581.684282
-3.921584,150,1585.473828
-4.823655,150,1589.107578
-2.607766,150,1592.797015
-3.502197,150,1596.613859
-2.750001,150,1602.293487
7.364213,66,1603.916458
-2.892964,150,1607.413625
-5.541386,150,1610.315021
-3.304175,150,1613.389825
-3.029394,150,1616.299068
-3.139394,150,1619.54573
-6.035357,150,1623.230586
-3.339989,150,1626.770141
-5.019526,150,1630.256971
-3.54896,150,1633.855004
-4.309275,150,1637.79999
-3.610415,150,1641.789318
-3.497239,150,1645.36273
-4.426529,150,1648.71126
-2.928343,150,1654.021132
-4.990408,150,1657.731394
5.138911,90,1659.639669
-5.42439,150,1663.273307
-3.694281,150,1667.153693
5.783215,125,1670.067621
-4.136473,150,1673.591972
-4.078289,150,1677.207334
-3.608249,150,1680.91379
-4.371706,150,1684.255222
-3.248131,150,1687.260036
-3.09567,150,1689.990133
-4.127258,150,1693.222897
-3.875256,150,1697.124817
-4.469218,150,1702.939848
-3.400061,150,1706.663177
-2.916679,150,1710.125758
-3.823802,150,1713.729705
-1.732738,150,1717.189407
-2.510306,150,1720.769603
-3.568752,150,1724.265112
-4.675853,150,1727.359237
-3.668666,150,1730.196652
-3.108716,150,1733.584028
9.629391,67,1735.21662
-3.828917,150,1738.969718
-4.491881,150,1742.503473
9.581363,47,1743.607772
-2.800678,150,1747.192892
-3.328645,150,1752.702134
-3.897827,150,1756.160257
-4.314598,150,1759.377702
-2.893469,150,1762.505194
7.182016,84,1764.102574
-3.23857,150,1767.123255
-3.217701,150,1770.407107
-3.773111,150,1774.152919
-6.849071,150,1777.640876
-4.409481,150,1780.973946
-2.289214,150,1784.59238
7.894246,135,1787.862296
-3.797703,150,1791.527857
-3.007327,150,1795.08042
10.490558,67,1798.734914
-2.757722,150,1801.829195
-3.540613,150,1804.779135
-4.457931,150,1807.560973
-2.447968,150,1811.105021
-3.472392,150,1814.797408
-2.769193,150,1818.77052
-1.789728,150,1822.738841
-3.508194,150,1826.53024
-3.623784,150,1830.057388
-5.203186,150,1833.445224
-3.260181,150,1837.107948
-2.966305,150,1840.156024
-3.34085,150,1842.971062
-4.507701,150,1848.359413
-4.786821,150,1851.638569
-4.446937,150,1855.047789
-5.144011,150,1858.728434
-3.744131,150,1862.578385
-2.277461,150,1865.789213
-3.461014,150,1869.771105
-2.930651,150,1873.434708
-2.583592,150,1876.874115
-3.528436,150,1879.792672
-3.225172,150,1882.974166
-3.042021,150,1886.427853
-3.718911,150,1889.973866
-2.082085,150,1893.898465
-3.855927,150,1899.547414
-2.18615,150,1903.234562
10.600824,80,1905.078283
-2.823172,150,1908.688697
-2.291478,150,1912.246195
-3.452635,150,1915.61039
-6.260715,150,1918.876933
-5.161764,150,1921.753218
-2.961836,150,1925.351094
-4.735829,150,1928.881714
-4.948208,150,1932.535186
-2.570253,150,1935.896974
-2.264483,150,1939.780463
-5.665916,150,1943.347506
-4.513499,150,1949.145248
6.368397,136,1952.533843
-3.171774,150,1955.802175
-4.670288,150,1958.908095
-3.562155,150,1961.931326
-3.162809,150,1965.341055
-2.858283,150,1968.978786
-3.16167,150,1972.214813
9.275896,100,1974.647704
-2.757085,150,1978.270486
-2.818024,150,1981.972137
-6.454979,150,1985.538275
-3.3198,150,1989.192502
-9.221962,150,1992.53818
-4.783618,150,1997.446485
-5.300415,150,2000.820569
-4.378252,150,2004.168346
9.879266,61,2005.821635
-3.063822,150,2009.700092
-4.318675,150,2013.274277
-2.782934,150,2016.890764
-3.404095,150,2020.610662
-5.678405,150,2024.570661
-3.189492,150,2028.405136
-3.916868,150,2031.471362
-4.600455,150,2034.466783
-4.710764,150,2037.475059
-4.355575,150,2041.203393
-2.69403,150,2047.027663
-3.049129,150,2050.59451
-3.227252,150,2054.226798
-4.785277,150,2057.915317
-3.950911,150,2061.70866
-3.483518,150,2065.129067
-5.521227,150,2068.452728
11.151774,66,2069.820179
-2.743852,150,2073.047279
-3.097579,150,2076.160681
-5.036463,150,2079.603518
-2.38588,150,2083.141989
-2.960938,150,2086.681478
-2.93913,150,2090.445147
-2.347627,150,2096.284019
9.533696,63,2097.788363
-4.289719,150,2101.413456
7.735519,116,2104.19278
-4.036344,150,2107.30084
2.644065,112,2109.288799
-1.897437,150,2112.237856
-4.233718,150,2115.790406
-2.313915,150,2119.264079
7.184047,137,2122.268864
-2.905162,150,2125.879194
-3.716844,150,2129.283474
9.823154,52,2130.590907
-0.448575,150,2134.271292
-2.267362,150,2137.638549
-3.765958,150,2141.275081
8.461448,75,2144.984283
-4.066511,150,2147.778787
-2.341228,150,2150.867886
-3.960834,150,2154.162519
8.896426,82,2156.118247
-4.933085,150,2159.650186
-5.615158,150,2163.364113
-2.487258,150,2167.095254
-2.326148,150,2170.668676
8.759313,131,2173.793318
-3.725051,150,2177.134709
-2.728178,150,2180.834606
-2.916017,150,2184.106547
-5.147601,150,2186.970736
-4.347436,150,2190.112815
10.414698,69,2194.026661
-2.52695,150,2197.84779
-3.429641,150,2201.531535
-4.475624,150,2205.005086
-5.711856,150,2208.792332
-3.507492,150,2212.305447
-4.037746,150,2215.948216
-2.576613,150,2219.589922
-3.397248,150,2222.895674
-4.93942,150,2226.081409
-2.525692,150,2228.893679
7.239877,150,2232.432424
-4.553073,150,2236.037432
-3.041335,150,2239.481197
-1.167932,150,2245.241947
-1.12816,150,2248.863916
-2.919973,150,2252.497709
-3.644998,150,2255.859608
-6.680878,150,2259.408184
-3.777455,150,2262.509519
-2.776674,150,2265.619977
-2.805145,150,2268.870049
-4.69207,150,2272.526437
-2.893273,150,2276.27751
9.010023,82,2278.23771
-5.160594,150,2281.372346
-3.615506,150,2285.185197
9.650188,50,2286.319273
-3.41562,150,2292.029985
-2.967296,150,2295.783785
-2.090802,150,2299.002966
-0.930863,150,2301.902273
-1.872636,150,2305.121959
7.437233,140,2308.513361
9.633741,82,2310.342091
9.384206,118,2313.422913
-5.065013,150,2317.038853
-2.235474,150,2320.810843
8.965811,101,2323.221821
-2.913106,150,2326.901607
-3.177805,150,2330.777219
-2.97014,150,2334.573746
-1.510017,150,2337.908784
-3.982045,150,2343.151914
9.126321,123,2345.747029
-2.528671,150,2349.504025
7.686852,119,2352.482148
-2.223322,150,2355.983369
-3.72938,150,2359.632384
-4.367178,150,2363.397436
-1.085367,150,2366.933618
-2.992016,150,2370.518167
-4.10256,150,2374.127157
-5.060267,150,2377.163612
-3.55025,150,2380.056093
-3.038561,150,2383.765799
-3.066715,150,2387.208678
-3.841887,150,2393.051278
9.217944,78,2394.823397
-4.197073,150,2398.464272
-2.458301,150,2402.134342
-4.134642,150,2405.509042
-2.995759,150,2409.258445
10.900744,54,2410.521122
-4.843891,150,2413.472842
8.84223,103,2415.250097
-4.003798,150,2418.326214
-1.993861,150,2421.65965
-3.153465,150,2425.326608
-2.26495,150,2429.032488
9.660343,116,2431.715501
-3.990768,150,2435.03775
-3.899874,150,2438.466362
-3.294094,150,2444.240387
8.146148,109,2446.935338
-3.120631,150,2450.721951
-0.182398,150,2453.404444
10.742279,47,2454.485454
-4.120752,150,2457.710077
-1.74329,150,2461.292417
5.418929,142,2464.767531
-2.140142,150,2468.539157
-3.517999,150,2471.992237
-3.743795,150,2475.803566
-4.863094,150,2479.230702
-2.606283,150,2483.070191
7.776311,121,2485.973907
-4.696422,150,2491.538453
-3.589805,150,2494.538735
9.991934,90,2496.288259
-3.554371,150,2499.747906
-3.019059,150,2503.57
10.478673,46,2504.492309
-1.856195,150,2508.234922
8.190837,87,2510.251859
11.955956,65,2511.943782
-3.30507,150,2515.45162
-4.476068,150,2519.388244
-4.247368,150,2523.0382
-4.43378,150,2526.546746
-2.321262,150,2529.319743
-7.454701,150,2532.451503
-6.526833,150,2535.719527
-4.487168,150,2541.715226
-4.156116,150,2545.538965
-4.140883,150,2549.265429
9.798835,99,2551.746494
10.435266,72,2553.523566
9.814,59,2554.826219
8.869676,58,2556.131428
8.945756,93,2558.222993
-3.924882,150,2562.049097
9.283938,125,2564.941124
-4.333445,150,2567.98324
-6.363385,150,2570.911034
-3.100735,150,2573.750012
-6.683818,150,2577.481455
-4.409544,150,2580.72113
-4.980837,150,2584.373141
-2.907211,150,2589.905923
-5.631934,150,2593.456324
-3.313825,150,2597.007874
9.544863,131,2600.101142
-1.678063,150,2603.428292
9.817674,68,2604.739749
10.296924,91,2606.752933
11.139038,46,2607.586901
-2.930329,150,2610.621242
9.9277,67,2612.117131
-3.437077,150,2615.851757
4.683876,98,2618.182674
-4.673332,150,2621.828784
-2.896545,150,2625.21699
10.242309,46,2626.27303
9.296705,75,2628.278152
-3.399202,150,2631.69615
9.156343,103,2633.9178
-3.429393,150,2639.907188
9.616323,61,2641.407023
10.871865,50,2642.376069
9.293209,98,2644.331155
-4.876299,150,2647.254593
10.491484,72,2648.477157
11.152299,34,2649.125645
-5.640554,150,2653.040732
10.433189,46,2654.372499
-5.581552,150,2658.078486
10.862633,53,2659.425225
-3.167811,150,2663.170591
-5.460549,150,2666.690044
-4.579036,150,2669.988543
9.42268,127,2672.918195
9.758157,45,2674.039773
-2.702557,150,2677.823631
-2.700101,150,2680.792037
7.543422,73,2682.245897
10.025162,67,2683.733455
10.19102,95,2687.599209
-4.548159,150,2691.428672
-6.007319,150,2695.232591
9.346976,114,2698.485632
10.60285,52,2699.684421
9.97002,45,2700.848552
10.310646,126,2704.09563
-3.230166,150,2707.589783
4.740604,118,2710.479228
-2.151319,150,2714.181788
9.885116,56,2715.47047
10.839388,63,2716.937366
9.397675,107,2719.330329
10.499689,29,2719.913551
-4.752756,150,2723.264275
-3.996868,150,2726.402889
-3.137738,150,2729.687102
-2.006607,150,2733.556273
-4.828914,150,2739.306404
9.791341,105,2741.840878
-4.477383,150,2745.403591
9.303018,50,2746.666651
9.764148,82,2748.595488
9.960316,94,2750.803984
0.243798,131,2754.087754
-4.621358,150,2757.135191
9.106734,73,2758.566494
-1.818111,150,2761.496961
10.039006,47,2762.43524
10.212081,98,2764.040634
8.278619,128,2766.716358
10.950543,80,2768.394984
-3.887546,150,2771.897197
-4.147929,150,2775.702655
-5.377081,150,2779.284782
-3.996442,150,2782.865241
-3.17484,150,2788.379662
9.80373,56,2789.781362
10.300577,60,2790.988103
-3.715309,150,2794.604212
-3.631659,150,2797.472934
10.442121,108,2799.569998
9.99406,56,2800.673586
9.513855,102,2802.31056
9.934856,95,2804.588004
-3.669534,150,2807.868936
-4.085107,150,2811.471048
8.586768,145,2814.77035
-4.929169,150,2818.570602
-3.983705,150,2822.193755
8.631919,72,2823.763657
-2.185595,150,2827.205444
8.724123,118,2830.019662
-3.650166,150,2835.328709
10.989288,54,2836.492176
-4.743338,150,2839.516278
-4.260625,150,2843.12449
-2.736809,150,2846.892438
10.511052,41,2847.873615
9.997207,61,2849.317958
-4.931502,150,2852.844684
11.189656,65,2854.416922
9.413493,48,2855.362639
8.811921,101,2857.810204
-4.05899,150,2861.530218
10.048742,49,2862.759404
8.591627,81,2864.574143
11.269668,53,2865.885772
10.228876,86,2867.880584
-2.190272,150,2871.206023
11.1668,42,2872.032069
9.671965,67,2873.280719
11.78933,58,2874.43239
10.602189,78,2875.91379
-4.428897,150,2878.923364
-2.805565,150,2884.51326
10.907926,55,2885.865681
10.958566,65,2887.515251
-3.659138,150,2890.965131
-2.646526,150,2894.537374
-4.591658,150,2897.854459
-4.312637,150,2901.508056
9.795144,79,2903.581141
9.740101,102,2905.774231
-3.839255,150,2909.611928
11.309607,77,2911.105875
10.041025,68,2912.437661
-3.322457,150,2915.30057
-5.52004,150,2918.278074
10.158689,54,2919.59305
10.417103,63,2921.127307
10.439592,56,2922.718374
-4.362576,150,2926.250038
9.430402,102,2928.57151
10.646071,77,2932.55981
10.164778,92,2934.700843
-4.205802,150,2938.290159
-4.399522,150,2942.063607
-3.522555,150,2945.618216
-4.985734,150,2948.73913
10.173923,36,2949.455226
10.077482,60,2950.655688
8.374423,126,2953.448193
10.47899,39,2954.257182
10.868393,79,2955.718874
-4.674567,150,2959.374508
10.076843,72,2961.047185
9.803152,83,2962.976133
-4.661077,150,2966.595978
10.449246,47,2967.709062
10.252348,66,2969.47359
-4.22401,150,2973.004348
-4.354939,150,2976.503764
10.187916,51,2977.676056
11.236956,34,2978.4148
-4.406947,150,2984.184111
9.218195,122,2986.778107
-4.247244,150,2989.759224
-3.105442,150,2992.631443
-4.732274,150,2995.570082
10.066072,77,2997.29614
10.52626,39,2998.00369
-3.935894,150,3001.689542
9.6222,47,3002.827362
-4.459155,150,3006.629054
11.527326,74,3008.338318
-3.944336,150,3011.668446
-3.68252,150,3015.180568
-0.860628,150,3018.632404
10.429395,40,3019.734097
10.547984,60,3021.146215
10.34859,38,3022.106742
10.483394,49,3023.316424
11.800741,52,3024.431282
-4.325356,150,3029.292878
10.122405,40,3030.085586
9.968138,54,3031.185504
-29.16647,150,3034.417025
-5.329029,150,3037.665282
10.583217,62,3039.214343
11.197035,58,3040.596205
11.192798,45,3041.604375
-4.415385,150,3044.901974
12.484846,36,3045.793391
-3.779187,150,3049.566451
-3.837322,150,3053.209255
9.85603,45,3054.304529
10.585531,86,3056.49586
10.961708,50,3057.587496
-5.155391,150,3061.168359
5.033859,76,3063.003328
10.809186,58,3064.211074
-4.738058,150,3067.246585
-4.45001,150,3069.872145
10.530586,42,3070.798544
-4.545566,150,3074.354435
-3.691054,150,3080.506046
-4.914198,150,3084.181991
-5.949602,150,3087.794812
-4.103436,150,3091.483386
8.131244,129,3094.74638
10.096853,70,3096.093291
10.21704,47,3097.249269
-4.6973,150,3100.878114
-4.315051,150,3103.904025
10.363853,81,3105.596429
9.924623,66,3106.853646
10.85944,72,3108.420246
-5.453566,150,3111.818472
9.793681,57,3113.216903
9.871653,64,3114.706935
-5.163147,150,3118.277494
-3.873593,150,3121.575283
9.137035,71,3123.387937
-4.05507,150,3129.130405
9.775777,80,3131.108607
-5.453823,150,3135.028128
9.142451,68,3136.799721
-3.173378,150,3140.461914
10.370591,52,3141.470174
9.573327,56,3142.763705
-4.884773,150,3146.011885
-3.556691,150,3149.314487
-4.123386,150,3152.873145
9.340388,61,3154.407827
-5.191173,150,3158.153793
-5.596358,150,3161.789449
-3.612061,150,3165.557086
10.854619,100,3168.033366
-3.927566,150,3171.787442
10.557484,59,3173.203348
7.351051,51,3174.526469
9.791602,52,3175.821605
11.103258,30,3176.596096
9.333398,91,3180.469304
9.860864,77,3182.346346
10.223487,78,3184.003503
10.785712,46,3184.882257
10.051602,56,3186.096616
-5.482737,150,3189.794975
9.460048,70,3191.437972
9.120858,53,3192.803427
-15.222995,150,3196.62139
-5.156965,150,3200.582863
-3.877761,150,3204.01342
11.62494,40,3205.13137
-4.740279,150,3209.021282
10.159059,41,3209.972264
9.990808,83,3211.963952
-4.778027,150,3215.82927
11.166938,59,3217.087454
10.620587,67,3218.340032
9.580097,64,3219.641599
-2.726984,150,3222.387838
10.530669,51,3223.488769
-6.013143,150,3228.804648
-4.973976,150,3232.334356
-5.24213,150,3236.004223
8.455427,91,3238.203341
9.718665,59,3239.680496
10.098105,49,3240.789552
-2.411943,150,3244.412692
9.221835,94,3246.713545
9.494988,88,3248.748005
-4.95514,150,3252.372536
10.457571,79,3254.359918
10.465636,85,3256.253994
10.341084,44,3257.13292
-4.16971,150,3259.870123
-3.864413,150,3262.667201
10.668948,76,3264.54107
9.945049,71,3266.199966
-4.1379,150,3269.667634
-5.362026,150,3273.296585
10.835964,89,3275.301363
-4.28088,150,3281.023406
10.072374,41,3281.895578
-3.611163,150,3285.446794
9.932894,60,3286.868248
-4.843743,150,3290.46232
11.477466,67,3291.989459
-5.154007,150,3294.984468
-4.374314,150,3298.013544
-4.268699,150,3300.909937
9.403833,146,3304.29623
-3.909565,150,3307.978403
9.632391,91,3310.223853
-4.467514,150,3313.945193
9.122017,75,3315.534838
8.134303,79,3317.231999
-3.541767,150,3320.818025
8.814363,64,3322.088626
10.346512,71,3323.743127
-3.556736,150,3329.321827
-2.912278,150,3332.471202
11.214888,48,3333.447607
8.543867,72,3334.87922
-5.330502,150,3337.640437
-3.410918,150,3340.8246
10.443154,84,3342.638947
-4.964404,150,3346.434105
9.353482,71,3348.160878
11.002064,64,3349.679838
10.799243,60,3351.181198
8.317255,119,3354.073928
-2.969813,150,3357.633838
9.92987,85,3359.794102
-3.777018,150,3363.312067
9.549629,80,3365.3148
12.12946,63,3366.75229
-3.839423,150,3370.359856
-3.838333,150,3375.289971
-3.724914,150,3378.652919
-4.724957,150,3382.101089
10.216198,38,3383.04877
10.953146,68,3384.36312
-4.261736,150,3387.769971
10.574061,37,3388.778816
9.407213,41,3389.828937
-4.340186,150,3393.71977
-1.889576,150,3397.120646
-3.658678,150,3400.641866
9.748853,69,3402.30792
-4.645298,150,3405.961339
-2.760938,150,3409.440116
-2.621666,150,3412.68006
11.229335,34,3413.394643
-4.162038,150,3416.446543
11.300417,35,3417.24887
9.576979,102,3419.675724
11.345651,60,3421.087808
10.358432,62,3424.409803
11.006878,63,3425.875257
10.701257,75,3427.330761
9.102671,90,3429.577511
-3.170407,150,3433.306772
-4.193686,150,3436.690878
11.284792,38,3437.531497
10.347857,77,3439.567722
-3.324331,150,3443.153657
-3.727514,150,3446.901688
10.164949,38,3447.620263
-4.656089,150,3450.529332
9.133719,111,3452.768934
-4.116546,150,3455.923026
-4.858494,150,3459.181783
7.928021,109,3461.867953
-3.819292,150,3465.62752
-3.607138,150,3469.325833
-3.353279,150,3475.053536
-3.762411,150,3478.544221
9.537074,75,3480.138792
-3.854149,150,3483.589259
10.129909,65,3485.12594
-3.889325,150,3488.064191
9.725255,54,3489.13781
8.830103,123,3491.705233
11.23271,47,3492.610376
10.594375,122,3495.306275
-3.973453,150,3498.873456
-3.69727,150,3502.487964
10.029956,42,3503.446522
-4.223223,150,3507.296607
10.470547,58,3508.616368
9.49829,63,3510.245239
-2.280101,150,3514.088595
8.711096,90,3516.039266
-3.63059,150,3519.737904
-2.90451,150,3525.074356
10.266666,73,3526.371683
11.978953,41,3527.249313
-3.399056,150,3530.391793
8.733476,62,3531.74612
10.824588,79,3533.708526
10.982624,75,3535.484797
8.244356,49,3536.788638
10.542306,54,3538.088414
-3.729502,150,3541.615155
9.82877,75,3543.564535
-3.501288,150,3547.103512
10.926154,56,3548.592208
-3.377236,150,3552.24747
-3.345174,150,3555.881171
8.24597,105,3558.326434
11.539792,56,3559.789386
10.959836,30,3560.587435
-4.197887,150,3564.133558
10.813996,60,3565.342744
9.281245,71,3566.694219
10.814284,64,3568.018474
10.618852,40,3568.913703
-3.770841,150,3574.729854
10.246181,57,3575.864102
-5.338712,150,3579.276601
10.707738,47,3580.47829
10.500033,70,3582.196479
10.542277,82,3584.203922
-4.381666,150,3587.857373
9.627208,75,3589.828655
9.919168,77,3592.0189
-3.02095,150,3595.353735
9.75108,45,3596.58956
-2.295953,150,3600.230759
-3.474947,150,3603.163738
-3.596163,150,3606.158078
10.781886,75,3607.711885
9.571762,97,3609.705063
11.415318,41,3610.715548
-4.011708,150,3614.337674
8.760061,72,3616.113231
10.420673,80,3618.083897
10.623984,57,3619.480536
-3.557449,150,3625.458453
9.379595,138,3628.898312
8.334037,60,3630.40268
9.68729,86,3632.424369
9.81773,77,3634.284061
11.363711,49,3635.522409
-3.169539,150,3638.808319
10.227984,91,3640.564787
8.685518,54,3641.606238
11.755686,48,3642.618167
-2.952906,150,3645.799467
10.091991,53,3646.937438
11.104791,38,3647.852204
-2.846815,150,3651.601003
9.25374,64,3653.110621
10.697372,58,3654.296618
-3.768679,150,3658.015268
10.387917,56,3659.400462
10.086885,50,3660.523171
10.224053,81,3662.527332
-4.599036,150,3666.123684
-1.940377,150,3669.739353
10.303677,48,3673.093145
10.471645,45,3674.239348
-3.758032,150,3677.358393
10.240467,42,3678.220914
9.526395,78,3679.815837
-5.396545,150,3682.735212
10.612519,51,3683.559168
9.887375,78,3685.021327
10.878879,51,3686.166237
-3.994312,150,3689.958225
-4.911768,150,3693.696111
11.611,55,3695.131932
-3.830886,150,3698.31764
-3.47418,150,3701.893792
11.033199,58,3703.296836
-3.108576,150,3706.990699
-3.787156,150,3710.30803
9.862961,71,3712.141377
7.48235,75,3713.97472
10.418176,91,3715.987371
10.056102,48,3716.89871
-2.697347,150,3721.953184
-4.694428,150,3725.109613
-4.457951,150,3728.525355
10.277985,47,3729.669402
-3.757918,150,3733.078706
10.419898,91,3735.348603
11.434329,79,3737.074564
-3.352826,150,3740.572079
11.449957,67,3742.147732
10.501343,46,3743.332964
-4.384931,150,3747.013611
-3.341123,150,3750.551677
10.48611,72,3752.337367
10.901143,80,3754.296196
-4.121149,150,3757.078767
-3.227801,150,3760.007165
9.925563,44,3760.738425
-2.725258,150,3763.907837
10.009292,70,3765.647833
10.17579,56,3769.250909
-3.224315,150,3772.745597
10.322744,37,3773.675342
11.569087,72,3775.264868
-5.980208,150,3778.867067
9.918056,56,3780.183099
-4.04878,150,3783.60209
-4.749595,150,3787.126069
-3.192227,150,3790.873146
6.776287,128,3793.551742
-4.507735,150,3796.548897
10.460558,71,3797.739739
9.47544,91,3799.5876
10.310259,61,3800.989236
10.892095,57,3802.145172
-3.902558,150,3805.493128
9.741898,64,3807.063337
-5.186908,150,3810.540406
11.79016,47,3811.532584
-2.975833,150,3817.334306
9.273584,52,3818.566886
-3.488912,150,3822.337153
-5.274991,150,3826.084182
-5.387453,150,3829.697225
-4.280275,150,3832.830021
10.784745,60,3833.979978
9.818199,50,3834.867641
8.633587,59,3836.366644
10.886607,44,3837.379577
10.097031,32,3838.187883
11.528242,56,3839.335557
10.242941,67,3840.830952
-2.108096,150,3844.329581
11.700866,50,3845.513401
10.177582,63,3846.846226
9.992829,38,3847.671332
-3.293662,150,3851.232266
8.153493,70,3852.795768
-2.557096,150,3855.998096
-4.977749,150,3859.100954
9.883953,57,3860.483138
10.994882,71,3862.274103
10.533461,43,3863.368506
10.854722,56,3867.40414
9.221032,80,3869.127343
10.377168,77,3870.744994
-1.93966,150,3873.86004
9.633154,96,3875.803627
8.397127,84,3877.418553
9.582114,88,3879.312067
-2.466688,150,3882.626594
10.570293,52,3883.821327
-4.931911,150,3887.012822
-4.684212,150,3890.537931
-4.025864,150,3894.019172
10.702589,74,3895.614487
-3.430041,150,3899.168248
10.107402,65,3900.718978
10.413714,87,3902.676908
9.906599,93,3904.680955
10.077344,49,3905.837923
10.827464,55,3907.029974
-7.058248,150,3909.958101
7.337716,92,3913.683309
10.190671,76,3915.196153
-2.811236,150,3918.399733
8.892077,133,3921.573825
-4.128197,150,3924.883021
-3.378528,150,3928.423964
-3.969721,150,3931.912516
11.560271,42,3932.903251
9.849378,77,3934.605729
-4.360958,150,3937.902856
7.337582,71,3939.439634
-4.922807,150,3943.126079
10.757476,41,3944.028697
-3.404014,150,3947.467239
10.471442,41,3948.34599
10.919021,40,3949.153621
10.709929,63,3950.306089
-2.022316,150,3953.222807
10.565548,66,3954.652358
-2.988065,150,3958.217542
9.957327,79,3962.18166
10.455641,41,3963.140319
-3.042209,150,3966.680727
-5.066081,150,3970.378124
9.508006,141,3973.577215
9.833839,46,3974.777115
-4.449875,150,3978.439764
10.794608,57,3979.63876
8.619122,142,3983.000143
-3.979898,150,3986.33306
-4.002424,150,3989.288102
-4.222303,150,3992.174771
-4.405879,150,3995.710852
-3.714576,150,3999.26425
-4.259439,150,4003.001787
10.069313,61,4004.447374
10.62673,70,4006.349918
9.983452,54,4007.488039
10.477928,51,4010.982863
-2.6988,150,4014.534196
-2.140916,150,4018.363541
-3.945757,150,4021.792894
-1.103155,150,4024.976002
10.980525,55,4026.195328
-3.074346,150,4029.089882
10.756977,40,4029.823919
-2.184795,150,4033.098598
9.515617,58,4034.417222
10.303697,65,4036.009186
10.561292,81,4037.847495
11.526644,48,4038.982627
11.836915,59,4040.379823
-5.761263,150,4044.258746
10.68575,64,4045.877356
-3.53393,150,4049.603796
-3.184754,150,4053.203409
10.235456,88,4055.414417
9.736711,67,4056.844085
10.038966,75,4060.889554
10.82496,61,4062.335025
10.469403,38,4063.081099
-4.316566,150,4066.017817
-3.936359,150,4069.098237
10.51502,42,4069.864361
11.416263,39,4070.693114
-2.513544,150,4074.01492
10.150067,74,4075.704484
9.602056,41,4076.780995
10.202903,61,4078.237929
-3.593528,150,4081.634911
11.278154,81,4083.480892
10.727615,69,4084.951842
-2.939762,150,4088.328424
11.382077,59,4089.759054
10.62706,72,4091.546284
10.749768,69,4092.926231
8.313217,118,4095.574092
11.110459,50,4096.725815
11.222272,70,4098.371168
10.400333,60,4099.729764
11.294259,41,4100.668988
8.277901,69,4101.953936
10.082451,82,4103.511149
10.858975,50,4104.576257
-3.318919,150,4109.882734
10.737837,53,4111.172252
-2.42414,150,4114.56148
7.97956,92,4116.512145
10.366784,71,4118.393917
-3.510118,150,4121.778252
9.859364,54,4122.916564
-2.415386,150,4126.50902
10.52539,57,4128.138919
10.158408,80,4130.150338
10.399677,36,4131.005398
-1.828114,150,4134.32317
9.966654,66,4136.142113
9.016497,132,4139.318029
8.067612,133,4141.805123
10.630487,62,4143.154069
10.583557,38,4143.937012
-2.529788,150,4146.885124
-1.582106,150,4150.200067
-2.040648,150,4156.072706
10.380891,30,4156.82344
10.055181,66,4158.638298
9.264184,93,4160.796975
-3.045292,150,4164.25523
10.580591,53,4165.482701
10.793751,78,4167.294162
8.220031,75,4169.028138
-2.856252,150,4172.508897
-3.544184,150,4175.657779
8.617677,76,4177.390661
10.210459,34,4178.153637
10.771245,99,4180.201385
-4.862773,150,4183.075972
9.332333,125,4185.463158
10.175552,47,4186.647019
8.153348,65,4188.350972
11.242701,56,4189.687899
10.615266,53,4190.991431
-3.279347,150,4194.508224
-4.764534,150,4198.094795
10.240381,49,4199.213983
11.237072,61,4200.706833
10.409452,58,4202.003645
-4.108981,150,4207.592247
-3.771229,150,4211.076067
4.809457,96,4213.170081
10.039309,89,4215.299095
9.668296,53,4216.463515
-2.61638,150,4219.514843
10.397876,41,4220.472205
10.097941,52,4221.396466
9.951633,76,4223.042641
11.133255,39,4223.845638
-2.998811,150,4227.545234
-1.868215,150,4231.033684
10.722573,53,4232.246355
10.07082,80,4234.202028
9.094613,85,4236.029501
-2.684024,150,4239.357389
10.424149,40,4240.382493
-2.142424,150,4243.922547
9.971662,94,4246.14687
11.107274,56,4247.443944
10.87934,58,4248.716112
5.494715,95,4251.115386
0.661256,117,4255.828546
-2.859046,150,4258.968321
10.798917,45,4259.772002
-1.619795,150,4262.750878
-2.704054,150,4266.035333
-3.56061,150,4269.503123
-2.111911,150,4272.852355
10.118858,42,4273.914355
-2.327106,150,4277.19946
10.500814,66,4278.822548
-3.705716,150,4282.117993
9.849808,72,4283.840264
10.675694,69,4285.231883
10.583888,97,4287.397913
10.112283,63,4288.958721
-4.23637,150,4292.00295
-2.533443,150,4295.058829
-2.774005,150,4299.983601
-2.778603,150,4303.281432
10.120097,83,4305.110295
9.927334,45,4306.222901
10.781272,75,4307.775581
11.234891,83,4309.710799
11.283076,55,4310.920939
9.88305,81,4313.064405
-2.323495,150,4316.547108
10.036459,37,4317.393618
10.177915,63,4318.81164
-4.067036,150,4322.028553
9.408469,64,4323.538611
-2.253353,150,4326.6909
10.145008,33,4327.471178
10.003682,45,4328.556227
10.510658,57,4329.866701
10.061778,87,4331.613436
8.044202,148,4334.46234
-2.251577,150,4337.291265
9.283346,77,4338.915903
7.398483,84,4341.02354
10.69037,54,4342.263198
9.807425,66,4343.989643
-3.0189,150,4349.891537
-2.086135,150,4353.535815
-4.323523,150,4356.875561
2.908007,116,4359.655017
-3.245587,150,4363.207209
-2.826164,150,4366.987183
9.756244,92,4369.16344
10.248528,78,4370.855872
11.003356,20,4371.279348
9.789667,56,4372.377733
-2.172692,150,4375.581076
10.697674,62,4376.854962
-7.632995,150,4380.294347
10.248995,60,4381.732598
-3.31272,150,4385.401247
11.699387,28,4386.089122
10.730135,46,4387.047543
10.525607,88,4389.156844
-3.488581,150,4392.621235
10.083747,58,4393.953066
9.649794,31,4394.716268
-3.155841,150,4400.62325
11.092013,65,4401.847956
-3.240586,150,4405.383475
10.813002,48,4406.537611
-5.775009,150,4409.747309
9.938237,44,4410.387117
9.887953,72,4411.846022
9.868842,49,4412.865861
-2.985185,150,4415.722495
-7.604409,150,4419.389874
-3.099732,150,4423.175944
11.024931,48,4424.344969
11.884782,45,4425.403005
11.298576,42,4426.275702
11.118243,62,4427.720761
-5.476548,150,4431.202072
9.812302,39,4432.097476
-5.439149,150,4435.407343
10.871541,61,4436.877246
10.92421,43,4437.955549
10.281916,46,4439.056069
10.520193,60,4440.472412
9.25192,79,4442.462853
10.233423,38,4443.362949
11.296351,74,4447.109827
9.941288,44,4448.019589
9.200499,65,4449.37383
11.081,26,4449.915368
10.185035,48,4450.842871
-3.230742,150,4453.683813
-3.239727,150,4456.982666
10.569463,29,4457.730045
10.397578,49,4459.019394
11.519376,59,4460.482669
11.023036,50,4461.744161
10.608434,56,4463.20361
-4.548982,150,4466.637562
11.161025,53,4467.914156
10.280748,31,4468.723325
-2.135046,150,4472.258357
11.001997,61,4473.690119
10.326398,79,4475.55638
10.318571,39,4476.444077
4.771227,99,4478.859093
-2.112281,150,4482.303978
9.960433,46,4483.322187
9.621869,90,4485.381395
9.484612,58,4486.537399
8.711314,133,4489.248631
-4.978954,150,4494.461779
8.363187,124,4497.49915
-1.692984,150,4501.335664
10.73671,78,4503.175255
7.842751,99,4505.522449
-3.682596,150,4509.2498
-7.745242,150,4512.949884
8.72784,81,4515.063022
9.883963,68,4516.643204
-3.489024,150,4520.252985
10.429347,51,4521.637305
-5.098683,150,4525.050878
10.64919,73,4526.608315
10.755574,62,4527.864043
-6.333401,150,4530.989267
10.178729,43,4531.690026
7.422382,106,4534.42877
8.145234,96,4536.875996
9.530609,87,4538.938542
10.829055,62,4540.57774
-2.889286,150,4546.478402
-2.922106,150,4550.180374
10.825329,57,4551.660761
10.056885,69,4553.403875
-2.493436,150,4557.039346
10.240937,64,4558.561089
-4.121772,150,4562.113869
10.486847,44,4562.937335
10.498617,24,4563.396
10.280068,42,4564.211117
11.795582,63,4565.349731
10.924513,57,4566.522351
10.671259,38,4567.071166
-2.963444,150,4569.879352
10.127909,68,4571.306391
-4.743129,150,4574.607899
10.587326,52,4575.881294
9.430535,70,4577.795163
-4.865035,150,4581.504923
8.418218,96,4583.716048
-2.981447,150,4587.371069
11.207802,99,4589.826493
10.113386,55,4591.242939
10.537833,57,4595.045006
-2.067249,150,4598.838736
9.836357,49,4599.863087
-6.553641,150,4602.739175
-2.806975,150,4605.357317
10.007032,88,4606.927919
-3.427741,150,4609.570175
-4.282665,150,4613.178556
-1.961168,150,4616.669188
10.269796,33,4617.388474
10.917261,47,4618.456742
-9.950336,150,4621.615079
8.646066,67,4623.40676
10.403309,35,4624.288287
10.276728,70,4625.808781
-3.344536,150,4629.346222
7.230665,111,4632.022828
10.934802,45,4633.158587
10.564364,73,4634.947255
-2.987419,150,4638.453897
10.407169,36,4639.175894
10.311434,55,4642.1949
10.285296,41,4643.079439
-4.452977,150,4646.041273
11.164581,73,4647.551616
-2.423593,150,4651.31321
-3.216601,150,4654.97241
-2.107398,150,4658.444144
11.62198,59,4659.923342
-2.182494,150,4663.47169
10.05636,65,4665.02804
10.649515,47,4666.084085
9.552265,73,4668.078049
10.541581,46,4669.239703
-3.991645,150,4673.028811
11.26352,57,4674.6435
10.187648,66,4676.158157
11.124446,90,4678.091819
12.307071,45,4679.038372
9.579883,68,4680.073486
9.723089,93,4681.879188
-2.690146,150,4684.598193
-3.912357,150,4687.876181
-3.460027,150,4693.691476
10.353605,35,4694.575983
9.973876,78,4696.463519
-3.05912,150,4700.105868
10.788492,61,4701.69425
9.797197,48,4702.691185
10.275867,42,4703.778762
11.302339,76,4705.553412
-3.234778,150,4708.900235
10.375411,73,4710.624186
8.951861,100,4713.060071
8.706401,93,4715.396165
-4.116692,150,4718.184789
-3.952061,150,4721.019689
12.00408,39,4721.80046
-4.319674,150,4724.880021
-4.2122,150,4728.415236
10.846816,47,4729.540215
7.795283,65,4730.970943
-6.409603,150,4734.408756
11.178884,34,4735.153633
8.51024,75,4739.134249
8.546364,76,4740.885279
9.04075,79,4742.639389
9.933433,52,4743.870497
-3.560342,150,4747.247514
10.371463,55,4748.347353
-1.339519,150,4751.581337
10.14209,35,4752.367041
-3.528727,150,4755.652846
10.075518,54,4756.717588
10.364264,29,4757.143809
-4.311527,150,4760.01913
6.656567,141,4762.745606
-6.527601,150,4766.515589
10.479642,67,4768.083036
-3.158275,150,4771.21842
7.600036,121,4774.037734
8.121372,132,4776.981387
10.34775,84,4778.807695
10.704334,49,4779.867373
5.266278,141,4783.22498
