#{"t_start": 1774279009.95746, "env_id": "None"}
r,l,t
-17.380636,150,10.990794
-13.497107,150,14.80653
5.540453,47,16.131793
-15.392332,150,19.846486
-15.104446,150,23.595695
-17.474975,150,27.305712
-20.442636,150,30.827753
0.713107,78,32.727789
-15.95092,150,36.322145
-12.595515,150,39.878998
-20.568339,150,43.494701
-16.112521,150,47.109745
-16.620952,150,50.486403
-12.407956,150,54.472575
-16.300113,150,60.677245
-11.501547,150,64.414703
-9.350389,150,68.020371
-9.885746,150,71.233673
4.018226,37,71.925747
-9.75782,150,75.777466
-8.800392,150,79.331239
8.801574,54,80.514959
-10.359208,150,84.267905
-11.510718,150,87.959937
-10.259474,150,91.52065
-10.592512,150,95.356511
-13.56975,150,99.168988
-9.253577,150,102.840144
-11.983429,150,106.47889
-10.376478,150,112.855801
-14.483113,150,116.603626
-11.00256,150,120.447475
-9.129775,150,124.259217
9.517027,12,124.608574
-7.512346,150,128.390303
8.739079,37,129.232245
-9.998139,150,132.907165
-9.511465,150,136.719557
-11.603457,150,140.510287
-8.144614,150,144.110012
-8.355875,150,147.811123
-8.099295,150,151.578496
-8.292057,150,155.209131
-7.945625,150,158.985913
-7.943795,150,162.404137
-8.996894,150,168.815195
-8.957342,150,172.664796
-8.429572,150,176.570615
-11.933901,150,180.227188
-8.052281,150,183.527834
-6.601539,150,187.235926
-8.297942,150,190.874153
-4.904208,150,194.369433
-6.239401,150,198.042564
-6.876934,150,201.777746
-7.154431,150,205.341328
9.648421,20,205.798801
-6.579304,150,209.235681
-9.513603,150,213.047124
-6.199903,150,218.716813
-7.184597,150,222.24434
-6.903029,150,226.004536
7.179837,105,228.496244
-7.165028,150,232.22666
-6.77434,150,236.404299
-9.485223,150,240.072093
-5.669406,150,243.550241
-6.286124,150,246.945398
-9.511354,150,250.394253
-8.290994,150,254.136117
-7.497511,150,257.844206
8.656419,36,258.661873
-8.017982,150,262.469221
6.788706,92,264.671764
-5.836726,150,271.064126
7.931041,48,272.317965
-5.770828,150,276.178631
9.748631,16,276.467626
-7.379265,150,280.118399
-7.530549,150,284.035888
-6.321348,150,287.650933
-9.569458,150,291.15999
-7.043333,150,295.000831
7.880505,31,295.814729
-5.366589,150,299.478961
6.395109,58,300.784249
-6.000778,150,304.629719
-6.534235,150,307.921819
-8.160112,150,311.40133
-5.778125,150,315.168009
-7.246552,150,318.675293
9.614276,31,319.313889
-7.314105,150,325.492389
9.10121,27,326.236618
-4.692301,150,329.955055
-6.341446,150,333.687875
-5.194466,150,337.258608
-5.397168,150,340.662621
-3.925482,150,344.369079
-6.798153,150,348.093086
-6.467248,150,351.790086
-5.966962,150,355.893415
-6.713709,150,359.420484
-6.200759,150,363.341415
-8.763185,150,367.104299
6.584632,140,370.258153
5.208458,42,371.411886
-5.676082,150,377.766938
-7.606444,150,381.323095
-6.999213,150,385.124558
-4.375751,150,389.065855
8.619398,48,390.251223
-3.765365,150,394.08653
-7.005879,150,397.870896
9.839184,21,398.392118
-6.955902,150,402.212793
-5.811285,150,406.087849
-7.964769,150,409.772544
-9.787511,150,413.623272
-6.562284,150,417.366033
-8.405717,150,421.655244
9.545805,17,422.063892
-6.373005,150,425.82128
-6.516851,150,431.935911
-8.457351,150,436.175307
9.739966,25,436.904688
-8.341298,150,440.811135
-5.417673,150,444.901413
-6.982238,150,448.868923
-7.260065,150,452.930552
8.951295,31,453.770363
-6.112237,150,457.437496
5.984009,114,460.465481
-5.06817,150,464.157666
-8.218647,150,468.027967
-8.463888,150,471.753677
9.313156,38,472.660046
-4.779928,150,476.464758
-5.007194,150,480.203552
-5.180266,150,486.536478
6.203019,63,488.14473
-7.445763,150,492.024124
-6.146294,150,495.717299
-5.923136,150,499.719285
-6.385376,150,503.727695
-9.143969,150,507.537068
-6.845711,150,511.447365
9.13334,44,512.491499
-6.272314,150,516.323907
9.303878,41,517.307916
9.696936,29,518.007776
-5.45357,150,521.712303
-7.700432,150,525.174792
-6.305372,150,528.81703
9.522887,37,529.799141
-5.711147,150,533.310281
-7.952267,150,537.282633
9.332803,35,540.667077
6.502099,111,543.640667
-7.001071,150,547.257046
7.672724,80,549.31235
-3.865409,150,552.817492
6.849946,113,555.721735
-5.085463,150,559.434566
7.750028,83,561.493857
-5.868439,150,565.43365
-6.245519,150,569.377323
-5.57843,150,573.212849
-5.028445,150,577.143449
-4.948522,150,580.931358
-8.88165,150,584.690106
-5.641939,150,588.213821
-5.102827,150,594.705777
4.767206,121,597.777909
-5.788361,150,601.480026
9.065764,43,602.382739
-5.993088,150,606.132124
-3.388804,150,610.142593
4.703556,142,613.715348
-5.858451,150,617.629984
-8.115699,150,621.387896
-6.546507,150,625.09988
9.990174,30,625.912429
-6.049498,150,629.791462
9.50089,16,630.199056
-4.699906,150,634.112375
-7.944081,150,637.934103
-6.301369,150,641.684689
-5.053617,150,645.495992
-8.852905,150,651.32149
-5.419235,150,655.269845
-6.361781,150,659.116473
-6.745128,150,662.792888
9.620797,16,663.190259
-5.347101,150,667.021322
-5.58536,150,670.929987
9.645936,38,671.887341
-6.431412,150,675.644359
6.357519,131,679.222122
6.266603,135,682.660831
-6.200879,150,686.72126
-6.918392,150,690.579442
9.899953,24,691.159416
8.806834,51,692.598649
-5.86585,150,696.589433
-5.04478,150,700.536024
-7.30082,150,707.170087
-4.331767,150,711.091763
8.703213,71,712.845313
-4.222208,150,716.804332
-4.391989,150,720.636831
-6.179774,150,724.849951
-6.98522,150,728.923608
-5.07635,150,732.838731
-5.467078,150,736.89951
-10.248206,150,740.992814
8.019165,79,742.83026
-7.11384,150,746.626878
-6.117479,150,750.394904
-5.40464,150,754.266127
-5.089772,150,760.430359
-4.807906,150,764.261977
-3.921955,150,768.139625
9.127575,54,769.477694
7.900644,117,772.388109
-4.808462,150,776.145912
7.560727,104,778.580534
9.763579,12,778.952996
-3.811704,150,782.730435
-7.520108,150,786.782335
-4.655171,150,790.568354
6.987544,113,793.467335
7.467444,121,796.457468
-6.716254,150,800.025409
9.816903,23,800.683022
-4.249708,150,804.490577
-4.298665,150,808.300395
-5.403476,150,814.643498
-4.158739,150,818.346859
-4.410083,150,822.366274
8.31518,110,825.231553
9.510176,21,825.837798
-6.192322,150,829.395714
-4.674072,150,833.382397
9.851716,39,834.420038
10.167074,18,834.85575
-3.545676,150,838.683859
7.711569,96,841.222757
-4.96954,150,845.006381
-7.907216,150,848.899301
-2.816303,150,852.811125
-6.578411,150,856.754452
6.792494,115,859.978207
9.873271,29,860.833035
-4.369819,150,864.581751
9.745188,36,865.580838
-6.460253,150,871.89484
-4.395794,150,875.867446
6.03528,150,879.766268
-6.201563,150,883.440916
-4.808901,150,887.270043
10.099844,7,887.519064
-6.415484,150,891.637067
-4.853064,150,895.404298
-5.883162,150,899.055346
8.350456,91,901.399454
-5.553547,150,905.412494
-5.247326,150,909.511654
-5.942215,150,913.169319
10.087279,7,913.367008
-4.640073,150,916.995996
-5.704792,150,920.831262
-3.887422,150,927.29505
-6.373413,150,930.753724
-3.617121,150,934.629833
-4.071906,150,938.425978
-4.849521,150,942.420604
-5.369939,150,946.284281
-5.112569,150,950.085356
-5.170717,150,953.807494
-5.917397,150,957.635916
-4.211676,150,961.200054
7.370668,49,962.606941
-6.062236,150,966.498898
9.081795,57,967.882835
9.852039,30,968.606237
-11.16798,150,972.432369
5.420333,116,975.222196
10.164953,17,975.685645
7.356854,117,981.24468
-4.879138,150,985.145369
-3.820433,150,988.93302
-3.49701,150,992.699803
-3.567481,150,996.645695
-4.240973,150,1000.299791
-3.660422,150,1004.192091
-3.563129,150,1007.949517
-4.168145,150,1011.717131
9.436839,24,1012.332284
-3.413875,150,1016.353076
7.379563,98,1018.935924
-5.843318,150,1022.588954
-2.67507,150,1026.194323
7.416549,123,1029.470252
9.876777,35,1030.423156
9.330326,36,1031.323555
8.562972,62,1035.477564
9.30213,47,1036.575893
7.630131,100,1039.060787
9.874905,21,1039.701351
-11.296629,150,1043.571781
8.731933,87,1045.991812
8.163393,105,1048.781826
8.931343,73,1050.604261
9.654591,30,1051.459741
9.652168,20,1051.950626
-2.341562,125,1054.996042
-6.266987,150,1059.030304
-21.984134,150,1062.966627
-6.584923,150,1066.725565
-4.324849,150,1070.57637
7.622044,95,1072.846849
-7.275212,150,1076.445646
-3.827666,150,1080.344696
-8.869204,150,1083.823315
-5.600065,150,1090.126635
-4.189615,150,1093.627706
-4.570063,150,1097.473165
-6.197632,150,1101.612429
-3.670175,150,1105.253663
-6.394141,150,1109.088089
-3.632551,150,1112.859954
-6.032367,150,1116.466236
-7.464459,150,1120.276633
-3.951624,150,1124.14494
-7.923302,150,1128.095887
-5.219354,150,1131.865263
-4.039182,150,1135.681134
-10.2795,150,1139.655147
-4.340462,150,1145.856889
-5.044663,150,1149.559704
-8.694751,150,1153.446704
-4.580945,150,1157.453816
-4.936862,150,1161.332247
-3.545802,150,1165.177547
4.80236,145,1168.897564
-6.190003,150,1172.875836
9.347424,63,1174.518786
-3.998904,150,1178.172501
-2.988733,150,1182.0108
-5.132687,150,1185.839308
-5.074134,150,1189.466731
-6.992476,150,1193.319442
6.42399,149,1199.447718
-6.941148,150,1203.173951
-7.161854,150,1207.224769
-5.23897,150,1210.654729
-5.571509,150,1214.337944
-3.758486,150,1218.293688
-2.916504,150,1222.274726
-7.181868,150,1226.221055
-6.73844,150,1230.184426
-4.391902,150,1233.791125
-7.959192,150,1237.860017
-5.740173,150,1241.5352
-5.053327,150,1245.575587
-3.613751,150,1249.454769
9.563866,39,1253.040545
-3.165607,150,1256.8218
-3.540433,150,1260.793792
-4.939889,150,1264.701088
-2.818784,150,1268.257582
-8.246493,150,1271.976
-4.48542,150,1275.960062
-4.592006,150,1279.840834
-3.853727,150,1283.688975
-3.359459,150,1287.379913
-3.51932,150,1291.307119
-2.90022,150,1294.848802
-5.137011,150,1298.65398
-4.588019,150,1302.329953
-4.711296,150,1308.765729
-4.790461,150,1312.765088
-3.230529,150,1316.801496
9.544544,30,1317.62659
9.031474,91,1320.008049
-3.747134,150,1324.062618
-6.954149,150,1327.888092
-7.625598,150,1331.971992
-3.66245,150,1335.563915
-3.71702,150,1338.883314
-3.877431,150,1342.973829
-3.917248,150,1346.961983
-3.717664,150,1350.904335
-5.19572,150,1354.867624
-5.070742,150,1358.855906
-5.109006,150,1364.833436
-3.771111,150,1368.665502
-3.921577,150,1372.391129
-2.820252,150,1376.38105
-4.236761,150,1380.045846
-4.193873,150,1384.020807
-18.756664,150,1387.898481
-4.536661,150,1391.995848
-3.962468,150,1395.779176
-4.190537,150,1399.433423
-3.0406,150,1403.491837
-3.25864,150,1407.298996
6.976125,115,1410.500658
-5.394109,150,1414.098681
-5.066339,150,1420.40417
6.591441,147,1423.990664
-6.06269,150,1427.682801
-2.316813,150,1431.467561
-4.138391,150,1435.548705
-5.343889,150,1439.594344
-5.049247,150,1443.513601
-6.427003,150,1447.35502
8.653722,146,1451.12991
-4.016149,150,1454.896896
-3.898041,150,1458.47778
-5.631144,150,1461.90559
-3.277575,150,1465.584929
-7.21512,150,1469.235405
8.548779,128,1475.24263
9.84424,28,1475.962638
-4.307353,150,1479.804258
-3.825369,150,1483.428732
9.970547,68,1485.045572
-3.941561,150,1488.570972
8.015957,113,1490.857218
-4.138073,150,1494.385049
0.923983,135,1497.677354
7.619354,127,1500.876549
-3.261204,150,1504.32759
-5.429471,150,1507.983083
-14.577616,150,1511.266826
6.094805,137,1514.391146
-3.277083,150,1518.210426
-5.08589,150,1524.103765
8.504257,128,1526.771321
9.106816,66,1528.10616
-8.75121,150,1530.775707
-3.764023,150,1533.584198
9.140085,43,1534.451338
-5.007517,150,1538.355641
-4.508471,150,1542.064692
-4.174067,150,1545.540323
6.014724,113,1548.541665
-3.756656,150,1552.107395
-3.651618,150,1556.066453
-4.574471,150,1560.037799
-5.192968,150,1563.82448
-5.290541,150,1567.523324
6.641801,131,1570.742844
-7.445214,150,1577.017527
-4.985644,150,1580.823353
-2.566831,150,1584.44383
8.773777,57,1585.942429
-7.464955,150,1589.82846
-4.063817,150,1593.649122
-5.087954,150,1597.420796
-5.343909,150,1601.191699
6.692468,102,1603.864189
8.613364,87,1606.129243
-4.340775,150,1610.007603
8.137837,92,1612.311197
-1.772639,150,1616.138462
-7.494585,150,1619.905633
-3.051823,150,1623.737266
8.300464,53,1625.058592
6.561113,101,1629.958776
-4.393611,150,1634.110275
-5.529644,150,1638.108022
-7.247551,150,1641.661127
9.538103,54,1643.084675
-5.69112,150,1646.949465
4.405913,141,1650.634607
5.840732,117,1653.630635
-5.186481,150,1657.488644
8.131662,141,1661.067636
9.899678,11,1661.411024
-5.090137,150,1665.674972
-6.440447,150,1669.748754
11.09619,41,1670.820865
7.433481,134,1674.460909
-5.008127,150,1678.118396
-4.253422,150,1684.413527
-5.558452,150,1688.282679
7.891018,148,1691.932324
-5.386011,150,1695.721738
-5.568676,150,1699.857178
9.057873,74,1701.866973
-2.175637,150,1705.536509
-5.145251,150,1709.109984
-5.486657,150,1712.842018
-5.810563,150,1716.54332
8.386957,79,1718.241912
8.496979,82,1720.393254
-5.115685,150,1724.264846
-4.588847,150,1728.176511
-5.949065,150,1732.165033
-6.463087,150,1735.803997
-3.412761,150,1741.857335
-5.845312,150,1745.515918
-4.518988,150,1749.626028
8.263124,77,1751.51744
8.99051,46,1752.67136
-5.13269,150,1756.397992
-0.247729,77,1758.388426
-2.551732,150,1762.288574
-5.349476,150,1766.099941
-4.985531,150,1769.830344
-4.678527,150,1773.530105
-3.332196,150,1777.331117
9.797895,68,1779.116174
-6.535914,150,1783.037152
8.773468,48,1784.254256
-5.580086,150,1788.224735
-5.40718,150,1794.652116
5.489342,74,1796.655538
8.437508,69,1798.482306
-5.058813,150,1802.044788
-4.046728,150,1806.144633
-7.133734,150,1809.972492
-7.742309,150,1813.809564
-6.700164,150,1817.727687
9.491084,56,1819.068761
8.774851,61,1820.718678
-6.230768,150,1824.709454
10.83444,29,1825.475732
8.698064,112,1828.123656
-5.169621,150,1831.371898
-4.101649,150,1834.913396
-4.791579,150,1838.949761
7.403342,74,1840.730983
9.219553,60,1842.166746
-4.183895,150,1848.491798
8.741517,74,1850.622393
6.244278,109,1853.214861
-4.417438,150,1857.081311
-2.162688,150,1860.9818
-4.67811,150,1864.440817
-5.795032,150,1868.492771
8.222753,84,1870.599545
-3.085938,150,1874.500329
-5.717938,150,1878.415643
-4.428512,150,1882.219793
-4.586852,150,1886.255793
-3.599446,150,1890.154142
-3.833309,150,1893.793867
-6.057922,150,1897.93913
-4.535374,150,1904.308915
8.387352,64,1906.030111
-4.606295,150,1909.896718
-3.686989,150,1913.909633
7.042323,137,1917.643005
-3.367666,150,1921.636397
9.237787,64,1923.38332
5.656645,130,1926.543653
9.232794,32,1927.434155
8.132277,73,1929.364758
8.264294,67,1931.062603
8.024461,83,1933.173817
-6.035663,150,1937.030872
8.930474,80,1938.938036
-5.789472,150,1942.725645
-4.213114,150,1946.401187
-4.362822,150,1950.314528
-5.241277,150,1954.061403
9.420015,30,1954.873224
-5.096237,150,1961.097335
-4.666496,150,1965.049932
-5.38476,150,1969.082464
-4.459594,150,1972.882497
-3.943089,150,1976.747122
6.923065,108,1979.412099
-6.482272,150,1983.379221
8.990759,77,1985.438644
6.822418,112,1987.947176
-6.687228,150,1991.801259
-3.718884,150,1995.786596
8.14762,73,1997.497205
-3.53052,150,2001.274324
-4.754599,150,2005.143344
7.165769,61,2006.628343
-5.068627,150,2012.985793
10.45423,38,2014.014822
9.975981,72,2015.742343
8.585156,53,2017.138704
6.475982,121,2019.95407
-4.513335,150,2023.777853
-4.055135,150,2027.570947
9.796147,29,2028.379261
11.597424,45,2029.495684
-4.518631,150,2033.394148
-4.137617,150,2037.444389
-5.98086,150,2041.176058
-4.480893,150,2045.006347
-10.004847,150,2048.596296
-5.751762,150,2052.352931
10.13308,42,2053.412971
-4.638961,150,2057.365847
4.998131,139,2060.853958
8.2383,86,2063.162672
-5.000874,150,2069.506668
-4.473611,150,2073.595038
-4.03344,150,2077.4699
-4.106379,150,2081.393167
10.280637,31,2082.221146
-4.036561,150,2085.815959
-4.355074,150,2089.787219
-5.047134,150,2093.404678
-8.492051,150,2097.258935
-3.727781,150,2100.957558
-5.437674,150,2104.972703
8.962112,76,2106.925296
6.015009,115,2109.934435
-9.588265,150,2113.604567
-5.982546,150,2117.404039
9.261992,51,2118.66716
-1.603696,150,2124.852024
9.073256,56,2126.181379
8.364998,73,2128.162026
-4.743725,150,2131.910196
8.819624,66,2133.699268
6.714346,103,2136.534176
6.023283,131,2139.964798
8.297085,91,2142.227311
-4.923063,150,2146.13984
-4.636322,150,2150.156317
7.946679,102,2152.717443
-5.379494,150,2156.485095
8.64991,51,2157.745872
-5.035377,150,2161.783094
-6.020842,150,2165.649465
-4.265085,150,2169.685814
7.688243,113,2172.613361
-3.5461,150,2178.461252
-3.876714,150,2182.190991
-4.808062,150,2186.219193
-5.338325,150,2190.226072
10.162721,36,2191.162091
-5.940058,150,2195.076955
-3.909797,150,2198.89372
-8.509162,150,2202.704354
9.206946,79,2204.645767
-4.971463,150,2208.463855
8.865178,85,2210.769199
10.968834,30,2211.577648
7.767515,80,2213.627638
-5.416806,150,2217.7541
-4.19723,150,2221.405706
-6.281225,150,2225.271132
-5.067512,150,2229.059995
8.457354,86,2233.800259
-4.889291,150,2237.591947
-3.399648,150,2241.553977
6.658908,140,2245.304492
6.834542,103,2248.014545
6.200394,115,2250.715386
6.965512,85,2252.929003
9.964795,53,2254.297034
8.473129,66,2255.936642
-5.889178,150,2259.734668
-9.586371,150,2263.48957
-3.651292,150,2267.47096
9.25947,36,2268.29366
8.143676,112,2271.18883
-5.310199,150,2274.917196
-5.029502,150,2278.871823
-3.916591,150,2282.795924
-4.510404,150,2289.420836
-6.595544,150,2293.508551
-7.204609,150,2297.318341
4.337537,136,2300.625918
-3.060301,150,2304.530942
6.281144,115,2307.411939
-5.359349,150,2311.041681
-7.448492,150,2314.873939
10.006268,54,2316.258596
9.343624,41,2317.351391
-4.250113,150,2321.13802
-6.118312,150,2324.922155
-3.980116,150,2329.005543
9.426572,66,2330.720561
6.489161,95,2333.152838
7.007337,114,2336.217568
-5.692796,150,2340.043303
7.436493,71,2344.453117
7.527891,99,2346.984316
-6.354212,150,2351.169564
8.723241,141,2354.899449
-5.75782,150,2359.103947
-3.319584,150,2362.550734
-4.610123,150,2366.447335
9.496759,79,2368.520946
7.77041,109,2371.38615
9.099309,110,2374.139267
-4.205946,150,2377.810395
5.507022,122,2381.023728
5.716798,108,2383.738133
-4.213884,150,2387.656074
9.133883,60,2389.117248
-6.995716,150,2392.692586
6.934904,85,2394.928899
-4.8472,150,2401.013674
9.371759,70,2402.902109
9.450981,41,2403.826197
-3.306757,150,2407.896452
7.198712,95,2410.232319
9.895006,22,2410.84354
11.471572,116,2413.726517
-3.153397,150,2417.614378
-4.997753,150,2421.251405
-4.024859,150,2424.829036
-2.676304,150,2428.48746
-2.933953,150,2432.185462
8.84383,52,2433.758513
-2.923961,150,2437.687596
9.66829,66,2439.354997
5.698774,122,2442.416217
-4.167015,150,2446.35143
-3.952973,150,2452.360678
6.640443,113,2454.979155
7.785593,140,2458.447492
-5.48212,150,2462.18722
-8.006674,150,2466.149898
6.167909,135,2469.549182
-4.159028,150,2473.223075
7.435881,118,2476.071818
-5.59802,150,2479.908108
5.358937,137,2483.344386
8.824582,96,2485.587372
8.558266,129,2488.939152
9.132061,64,2490.359964
-5.407758,150,2493.990891
-4.247867,150,2497.616162
-3.852284,150,2500.943294
9.984488,108,2505.964934
-4.067241,150,2509.959754
-5.664721,150,2513.506685
6.678406,93,2515.64995
-7.221471,150,2519.296238
-5.441217,150,2522.843835
8.529277,81,2524.954224
5.750887,116,2528.01971
-5.965514,150,2531.619859
-5.218057,150,2535.294471
-4.473712,150,2538.888453
4.499399,133,2542.132245
9.761515,38,2542.985096
-3.750635,150,2546.572775
-2.650314,150,2550.027193
-6.079365,150,2553.862434
-4.936031,150,2560.089013
9.105118,80,2562.160705
-4.286728,150,2566.166379
7.902327,109,2569.003597
-5.558527,150,2572.633172
-4.51556,150,2576.00575
9.628909,32,2576.891161
-9.624295,150,2580.579984
7.573025,81,2582.592372
5.280994,93,2584.961252
9.785769,78,2587.109783
-3.268786,150,2591.045732
-5.879533,150,2594.822219
7.427377,129,2598.004051
-4.346722,150,2601.818535
10.161962,47,2603.040141
10.598178,59,2604.687144
8.752947,61,2606.174665
-4.171959,150,2612.176533
-5.756454,150,2615.751447
-4.206722,150,2619.471665
-6.219377,150,2623.331811
-4.928236,150,2627.182353
9.641807,82,2629.136908
9.005727,45,2630.326932
8.024714,95,2632.736748
5.75691,148,2636.279326
-3.267539,150,2640.192647
7.387357,89,2642.186853
7.686246,48,2643.163952
-3.746498,150,2646.614113
8.737643,45,2647.799639
-4.837408,150,2651.516046
5.092102,67,2653.349645
-4.784509,150,2657.396826
10.275026,58,2658.971323
8.448267,65,2660.481286
-3.881263,150,2666.700718
6.113929,142,2670.090625
7.578118,102,2672.459867
9.407071,57,2673.604579
7.347588,136,2676.984348
-3.58305,150,2680.440549
12.066626,48,2681.61839
-6.66552,150,2685.398891
-4.506492,150,2688.87424
5.980939,136,2692.074481
-5.052135,150,2695.454637
-3.673809,150,2699.330549
9.808167,84,2701.369333
-8.521617,150,2704.746802
-5.008284,150,2708.424754
-1.482265,150,2712.325054
-4.236306,150,2718.515138
-4.715671,150,2722.462088
9.678104,126,2725.488212
-3.206196,150,2729.22752
11.397345,47,2730.506276
7.553183,131,2733.504412
-2.82245,150,2737.274287
6.897736,139,2740.74679
5.502881,116,2743.627394
7.741052,145,2747.204785
8.628966,77,2749.118841
-4.71718,150,2753.061803
-1.645193,150,2757.132837
7.872646,77,2759.074565
7.230504,129,2762.22153
-4.953218,150,2765.831781
-4.282598,150,2771.854059
7.25669,91,2774.254206
-4.17332,150,2778.08642
-1.482264,150,2781.992841
4.894334,105,2784.754431
-6.162252,150,2788.657228
11.583765,61,2790.203669
-3.714674,150,2793.972491
5.902279,101,2796.447329
9.578146,79,2798.287905
7.369507,73,2800.190447
6.653046,143,2803.731561
-4.340592,150,2807.422959
-3.391523,150,2811.299798
8.569815,123,2814.563458
-3.843763,150,2818.380645
-4.277117,150,2822.000906
-3.951574,150,2828.08275
-3.462377,150,2831.61657
7.387513,139,2835.311295
7.247764,116,2838.310596
-4.522463,150,2842.225148
4.759616,128,2845.496249
-3.729629,150,2849.013949
-4.54728,150,2852.739699
-1.975921,150,2856.364771
-4.725098,150,2860.04038
-2.013873,150,2863.533731
-4.682931,150,2867.188013
-3.279393,150,2870.770699
-4.761524,150,2874.56365
-4.011658,150,2880.741215
-4.037335,150,2884.506424
-2.635805,150,2888.374363
-6.897338,150,2891.896866
8.248795,89,2894.010933
8.686999,97,2896.288383
-2.597871,150,2900.054799
8.22541,133,2903.417186
6.015016,113,2906.398351
-5.778225,150,2910.253049
-1.740841,150,2913.985459
-6.221363,150,2917.676387
-2.396224,150,2921.150654
-5.422221,150,2924.807415
-3.545052,150,2930.762378
7.501257,145,2934.104932
-3.376527,150,2937.948539
-5.503079,150,2941.920795
-5.027136,150,2945.828791
-2.762943,150,2949.514602
-5.141226,150,2953.464406
3.320328,131,2956.655448
-2.705367,150,2960.445146
-3.570537,150,2964.157255
9.941966,29,2964.83181
-3.056912,150,2968.636599
-3.430332,150,2972.436875
11.354099,62,2974.115935
-3.704436,150,2977.843852
-4.532807,150,2981.509429
-3.591467,150,2987.733566
9.400038,89,2989.916687
-3.72636,150,2993.699517
8.957848,91,2995.923765
-4.17219,150,2999.539684
6.753491,131,3002.41063
-3.813668,150,3006.180153
8.598405,83,3008.304391
8.327893,61,3009.68443
-4.088028,150,3013.538947
-5.742076,150,3017.097432
7.886479,127,3020.363414
-2.597207,150,3024.164104
10.353907,66,3025.946465
-3.273273,150,3029.877426
-2.915927,150,3033.716955
8.47728,100,3038.713226
9.086499,127,3041.844719
8.306222,134,3045.065073
-2.691913,150,3048.803598
7.688866,123,3052.086065
-3.810933,150,3055.909002
8.402487,143,3059.669714
5.490744,110,3062.57062
8.795575,101,3065.124609
-2.758275,150,3069.13091
-3.276086,150,3073.066883
9.810518,36,3073.924763
8.701407,81,3075.773035
-5.407629,150,3079.371216
-3.455822,150,3082.956988
-3.391751,150,3086.885954
7.19644,142,3092.866389
8.273876,132,3096.3744
-5.352365,150,3100.108889
-3.209687,150,3103.959769
-4.091155,150,3107.745745
-1.914696,150,3111.216158
-3.48198,150,3115.206322
-4.011993,150,3118.909303
7.827704,148,3122.468297
-5.087131,150,3126.253895
8.911893,78,3128.261799
-4.485539,150,3132.172227
-4.711175,150,3135.878338
-4.48599,150,3139.86547
-4.781069,150,3143.367088
-2.726546,150,3149.644577
-3.197726,150,3153.448725
-3.622994,150,3157.29845
-8.453992,150,3161.202959
-3.500278,150,3164.833631
-3.079623,150,3168.613669
8.11156,102,3171.232215
-3.276344,150,3175.175433
-4.251539,150,3179.342239
-6.945134,150,3183.059619
8.138216,74,3184.904758
-2.797239,150,3188.811634
-3.926678,150,3192.676727
-6.992335,150,3196.614578
-4.297412,150,3203.239163
7.126523,132,3206.249893
-2.865622,150,3210.245286
-1.016221,150,3214.108029
5.131846,135,3217.590644
-3.042157,150,3221.476127
-4.258088,150,3225.210778
-5.340463,150,3229.410945
7.873818,119,3232.558559
9.959459,62,3234.308707
8.84515,132,3237.626892
-2.905945,150,3241.658571
-6.614154,150,3245.569791
-5.912473,150,3249.397001
-9.201515,150,3253.303518
9.593254,90,3258.13642
-2.577472,150,3262.281105
-3.14995,150,3266.423579
-2.521059,150,3270.19016
9.389685,46,3271.516827
10.388927,55,3272.988981
-2.425774,150,3276.904831
-2.190629,150,3280.685478
5.925073,134,3283.939297
-3.182303,150,3287.533283
7.308121,134,3290.982392
-6.174388,150,3294.742139
7.967591,103,3297.414926
-5.188016,150,3301.099782
11.82197,50,3302.455649
10.234122,46,3303.699897
-3.134962,150,3307.541243
-3.454245,150,3313.973767
-2.908292,150,3317.927165
8.096566,146,3321.825706
-2.00972,150,3325.998198
9.256958,57,3327.646095
-4.336258,150,3331.079276
8.96814,96,3333.415582
-4.817761,150,3337.320058
-4.166246,150,3341.108544
-1.360174,150,3344.858094
7.116997,112,3347.779542
-3.677582,150,3351.669332
9.689874,58,3353.105179
9.990825,86,3355.374909
7.050855,133,3358.782698
-2.109549,150,3362.419899
12.367717,49,3363.745014
-3.32756,150,3369.854802
-3.523354,150,3373.645006
-1.714309,150,3377.355117
9.828805,82,3379.399104
8.213535,103,3382.019551
9.32464,120,3385.10721
-4.454353,150,3388.972413
7.456383,78,3390.783039
-2.638599,150,3394.186043
9.044003,87,3396.462761
-2.699605,150,3400.505872
8.147459,95,3402.851305
-3.427651,150,3406.626734
9.453592,54,3408.043722
-1.654373,150,3411.767856
9.027021,107,3414.59087
-3.813795,150,3418.297426
-4.143099,150,3424.649946
10.673545,51,3426.073742
10.787856,91,3428.610541
9.99792,73,3430.612207
-3.51921,150,3434.597014
-2.706092,150,3438.213004
-5.124258,150,3442.410878
-1.173411,150,3446.408455
9.872656,58,3447.929909
-2.852771,150,3451.872884
-3.561776,150,3455.59128
-5.280721,150,3459.335163
-2.988862,150,3463.063895
8.127978,42,3464.131119
9.854223,48,3465.561716
4.621204,128,3468.95869
-5.591353,150,3472.695192
9.976215,72,3474.610173
-7.949691,120,3480.04223
-4.637681,150,3483.922867
-3.687575,150,3487.609941
-6.623507,150,3491.142464
9.553284,103,3493.941314
-4.186773,150,3497.676329
8.080118,91,3500.134036
8.39805,102,3502.755085
7.503199,85,3504.934601
9.161016,84,3507.005228
9.395134,100,3509.685892
9.377316,63,3511.322478
-3.025292,150,3515.237032
-2.486024,150,3519.071856
10.248529,80,3521.175953
-7.102244,150,3524.848124
9.162405,56,3526.164064
9.145856,120,3531.637875
9.56342,98,3534.204433
9.147959,114,3536.991058
9.973479,71,3538.931706
-5.794758,150,3542.850568
9.746333,92,3545.100384
9.071396,115,3547.854611
-5.363495,150,3551.346626
-1.929525,150,3555.18714
-2.919992,150,3558.979059
-2.421942,150,3562.735809
-2.636709,150,3566.864434
-3.469123,150,3570.805648
9.278581,101,3573.48729
9.749469,90,3575.955686
-3.336819,150,3579.963211
-2.105927,150,3583.592412
10.295711,90,3588.402985
9.031664,82,3590.526303
9.756437,133,3594.067461
-6.02274,150,3598.169907
-7.063637,150,3602.038141
8.069476,145,3605.785646
-2.456623,150,3609.610002
-1.742974,150,3613.300111
-6.591207,150,3616.898626
8.23703,102,3619.667223
8.622618,123,3623.099287
-4.27385,150,3626.92843
10.108093,128,3630.204549
11.471757,69,3632.01921
-0.427078,150,3635.977102
-2.495124,150,3642.395023
-5.407129,150,3646.000579
-3.015617,150,3650.115191
-2.604017,150,3654.085984
-7.019737,150,3658.210436
12.132046,96,3660.850226
-1.225642,150,3664.760922
10.871328,79,3666.788443
9.055873,125,3670.023071
8.176694,126,3673.232561
-1.888817,150,3676.827609
-1.973776,150,3680.767914
-1.432637,150,3684.400839
-5.062607,150,3688.37393
-2.315739,150,3692.229805
7.596825,110,3695.156572
8.973538,141,3701.455622
10.95883,59,3702.990017
9.569738,126,3706.279037
-4.632016,150,3710.069131
-7.358969,150,3713.863899
9.439369,115,3716.837558
9.691628,107,3719.796985
-2.639951,150,3723.726233
-4.239592,103,3726.614207
8.227571,134,3729.938231
10.398716,61,3731.542089
-2.257518,150,3735.538242
-3.844318,150,3739.235342
9.197262,145,3742.858039
-2.697425,150,3746.758781
9.910791,49,3748.109841
7.04294,141,3754.208426
9.392429,110,3757.065893
9.907608,66,3758.763207
-6.917059,150,3762.841542
8.602071,111,3765.677667
10.252322,98,3768.265764
9.458973,141,3772.062716
8.750947,126,3775.473678
11.363835,77,3777.348715
9.047903,142,3781.146831
9.86883,105,3783.71563
-3.225839,150,3787.224536
-2.838908,150,3790.875924
8.280657,149,3794.780898
-1.425404,150,3798.70368
-4.421312,150,3802.261309
-1.535371,150,3808.669382
-1.589593,150,3812.609039
9.44841,138,3816.298408
8.885765,142,3820.10602
9.691167,82,3822.308527
10.244729,108,3825.201114
8.760543,129,3828.471841
10.660926,115,3831.283411
7.603589,113,3834.133868
11.531284,80,3836.220822
11.722426,62,3837.679386
8.668522,140,3841.321404
8.705179,119,3844.385856
-2.798941,150,3848.02597
9.480749,75,3849.941958
9.535863,89,3852.194591
9.292347,106,3855.012973
-0.445027,150,3858.639567
8.491087,118,3864.087999
8.714419,144,3867.746664
8.667051,116,3870.724048
7.962911,127,3874.018419
-3.742451,150,3877.882133
-3.60472,150,3881.912387
8.214216,134,3885.520526
-6.581634,150,3889.262554
10.514477,93,3891.46872
6.407741,110,3893.83429
-16.46654,150,3897.456238
9.376242,108,3900.10346
9.268749,123,3903.10825
9.132021,119,3906.290273
11.069865,57,3907.925052
8.349353,131,3911.336887
-2.586161,150,3915.066917
-3.857674,150,3921.548948
9.898951,135,3924.868622
8.889415,93,3927.379869
11.02924,52,3928.742032
-6.117046,150,3932.574016
10.724619,34,3933.506299
9.511913,99,3936.030871
-3.745799,150,3939.924858
-5.663695,150,3944.006276
10.497094,119,3947.032583
8.738331,76,3948.947458
-3.135385,150,3952.904966
10.092046,102,3955.56983
7.673564,138,3958.909814
8.901791,117,3961.904194
-2.926311,150,3965.663393
9.73685,76,3967.542583
-6.499362,150,3973.933297
-2.293492,150,3977.794271
-2.283836,150,3981.454603
9.884674,126,3984.758997
-0.214428,150,3988.481373
-3.496482,150,3992.50775
11.553142,107,3995.339693
-1.495699,150,3999.172338
9.743341,80,4001.416764
8.626037,144,4005.418239
9.900062,76,4007.524822
-3.343767,150,4011.227231
9.68076,103,4014.280359
9.446245,99,4016.813169
-1.923319,150,4020.388443
11.172598,140,4023.942309
11.733132,61,4025.49989
-1.448384,150,4032.157155
10.257847,91,4034.379832
10.644569,88,4036.675405
10.204334,87,4038.883479
11.522802,93,4041.267323
10.852773,60,4042.839297
-1.025155,150,4046.868164
8.819677,128,4050.036711
-2.435089,150,4053.616679
-2.25979,150,4057.430534
-2.38441,150,4061.243008
9.73119,111,4064.112593
8.316695,136,4067.630032
-1.744462,150,4071.574367
9.651809,117,4074.46529
-2.60824,150,4078.138603
9.509624,92,4080.388307
11.68125,102,4085.071156
9.330138,111,4087.813461
-2.084063,150,4091.939144
8.499573,142,4095.705349
-2.609073,150,4099.477287
10.541112,120,4102.610285
11.296573,62,4104.265255
9.145809,117,4107.225944
-4.440094,150,4110.913767
9.474732,76,4112.788495
-3.005869,150,4116.691722
9.936192,99,4119.364175
9.69161,82,4121.420133
9.594742,69,4123.27517
8.345775,71,4124.956668
8.004926,141,4128.827184
9.901793,90,4131.210329
10.502891,78,4133.185729
-2.630636,150,4139.455568
8.175134,119,4142.615561
8.841444,108,4144.841081
9.505682,110,4147.854187
-3.177902,150,4151.990193
8.616539,146,4155.722522
0.025555,150,4159.622438
8.541344,89,4161.914515
10.538148,80,4163.882032
11.100119,116,4166.873144
10.917246,107,4169.354288
-2.650419,150,4172.893727
8.828301,70,4174.62231
-3.11016,150,4178.278549
9.574193,108,4181.40845
-1.957126,150,4185.305234
12.109819,67,4187.118144
10.091556,49,4188.434354
8.503075,105,4193.743222
-3.141879,150,4197.757682
9.892216,62,4199.264301
9.176042,120,4202.332465
9.032546,100,4204.919675
7.611284,122,4207.78622
-3.236742,150,4211.688664
-1.078337,150,4215.546355
9.175793,99,4218.023631
8.290877,142,4221.964793
-0.035377,150,4225.961842
9.837103,96,4228.287849
9.535034,91,4230.615032
11.281479,58,4232.277574
-4.695506,150,4236.10598
7.928889,142,4239.569065
9.701878,49,4240.78386
9.138234,87,4243.055982
-4.372227,150,4249.550986
9.161096,65,4251.427123
8.437457,102,4254.029174
-8.971858,150,4257.963043
6.875467,91,4260.393259
-2.500556,150,4264.314982
7.611111,138,4268.030993
-2.036371,150,4271.933313
6.754364,115,4274.954101
9.8372,99,4277.523789
9.731631,106,4280.273466
9.055183,68,4282.078033
7.909073,130,4285.267844
9.665557,61,4286.853971
10.387253,83,4288.954223
8.511526,145,4292.63687
8.79137,121,4296.037004
8.695221,137,4299.599814
-3.976726,150,4305.520367
9.335164,146,4309.144186
9.839185,138,4312.94669
8.605279,125,4316.340638
-1.617007,150,4320.12526
-1.142127,150,4324.000576
9.319738,69,4325.81889
9.832832,98,4328.25547
12.52528,60,4329.733027
9.558202,99,4332.192831
10.215941,53,4333.45665
10.528304,83,4335.543922
11.417728,76,4337.541857
10.068906,148,4341.316483
9.135121,94,4343.840781
10.358674,106,4346.633965
-0.154709,150,4350.497226
10.053123,93,4353.099397
10.04937,105,4355.655987
-1.483338,150,4362.25545
9.678433,109,4364.955243
-1.404214,150,4368.937966
-2.736585,150,4373.028897
-2.977218,150,4376.875995
-2.486444,150,4380.650322
6.966246,143,4384.237834
-3.019866,150,4388.085575
9.382003,145,4391.768429
-12.198786,150,4395.360394
0.354323,150,4399.096541
-5.303317,150,4403.136314
9.683662,101,4405.83757
8.880463,107,4408.547879
-3.121084,150,4412.335697
-2.652103,150,4418.863231
-1.777212,150,4422.882295
10.013795,55,4424.339828
5.973715,119,4427.306186
8.879356,128,4430.554593
-1.776474,150,4434.408113
9.901391,81,4436.477676
-1.912602,150,4440.565153
10.795175,75,4442.564445
10.223702,80,4444.593685
10.469169,90,4446.928982
-2.634965,150,4450.863955
-1.184845,150,4454.91889
11.816438,95,4457.556542
-6.17441,150,4461.386048
9.576901,69,4463.227966
-2.105773,150,4467.258873
9.638481,149,4473.823938
10.602515,104,4476.696494
-3.197611,150,4480.798332
9.853808,86,4483.030008
8.270573,128,4486.536668
8.776122,94,4489.094092
8.853609,110,4491.645283
9.088595,111,4494.447408
11.157265,83,4496.615871
10.041686,121,4499.829532
9.847529,100,4502.320506
9.591399,89,4504.776916
10.118973,95,4507.245721
6.474702,130,4510.770729
9.489476,115,4513.784815
8.618163,137,4517.147657
11.265031,122,4520.253799
9.922337,86,4522.366398
10.815031,86,4524.505125
9.724945,117,4530.190429
8.662987,121,4533.397848
8.250447,149,4537.245693
8.686978,115,4540.231912
-3.081438,150,4544.140873
11.121235,66,4545.869158
10.798844,59,4547.301148
11.129854,60,4548.898651
9.263354,96,4551.369924
9.156281,115,4554.020784
10.379655,97,4556.380153
7.557949,115,4559.380826
8.89809,145,4563.051224
8.114648,131,4566.572138
8.42845,150,4570.489622
9.19188,96,4572.97446
-2.226298,150,4576.684389
-2.811309,150,4583.072026
-4.88263,150,4586.676379
9.237374,99,4589.425234
10.139321,60,4590.993451
9.32877,117,4594.159859
8.914064,107,4596.994056
8.90187,143,4600.632506
9.895145,104,4603.3965
9.464884,78,4605.299896
10.012008,83,4607.545976
10.371552,116,4610.510538
10.65633,77,4612.446812
8.739408,130,4615.538256
-2.928201,150,4619.629241
7.08053,106,4622.512205
-2.53503,150,4626.40793
9.161532,92,4628.836372
10.588085,112,4631.838098
-2.019288,150,4635.767257
10.476725,78,4640.469666
9.419481,104,4643.072373
8.588533,147,4646.864588
-3.743142,150,4650.753427
10.785012,101,4653.569968
8.508745,117,4656.700475
9.146825,88,4658.945319
9.600616,104,4661.746969
9.259688,132,4664.890387
8.674998,116,4667.806851
9.88975,104,4670.557521
9.696529,108,4673.313055
9.651398,77,4675.247713
9.362869,98,4677.804481
9.470371,116,4680.535787
9.201063,77,4682.705268
-2.615544,150,4686.305554
10.973479,83,4688.484652
9.899785,78,4690.559478
9.384551,144,4696.793264
-0.828473,150,4700.558704
13.341352,106,4703.425853
9.025136,121,4706.469834
7.901669,103,4709.059867
-1.460886,150,4712.668373
10.46376,53,4714.243196
6.893262,145,4717.854687
-3.380612,150,4721.782206
9.255665,129,4725.304522
8.697778,122,4728.413367
10.389712,127,4731.701084
11.806976,100,4734.582197
10.371738,82,4736.707927
10.478479,71,4738.660341
7.204817,147,4742.227306
8.564217,140,4745.898119
10.116527,90,4750.726572
8.16369,107,4753.474161
10.899915,99,4755.98398
7.042942,122,4759.218429
9.520498,97,4761.745067
12.533542,100,4764.225839
-1.795946,150,4768.006197
9.463903,78,4769.944312
11.063647,79,4772.036003
9.890338,106,4774.950393
10.196384,79,4777.109717
9.584685,72,4779.178387
8.880506,65,4780.814547
11.108208,72,4782.776972
11.880207,75,4784.866875
10.220283,83,4786.965638
8.416786,119,4790.218982
-3.205845,150,4794.280228
10.286081,108,4797.213583
8.531467,126,4800.69999
5.640584,138,4806.690902
11.84009,91,4808.874539
10.443742,123,4811.981428
7.420014,114,4814.956064
9.071023,90,4817.237074
-5.901917,150,4821.085639
10.541697,86,4823.265351
-1.455298,150,4827.27388
9.845793,74,4829.086617
10.715921,75,4831.000617
11.107231,105,4833.831028
10.383785,46,4834.90076
10.883,74,4836.398893
10.59636,106,4839.219744
10.217983,85,4841.373822
-1.389811,150,4845.225058
10.411195,91,4847.816308
7.429286,90,4850.008835
9.807025,76,4851.914227
11.295115,127,4855.256603
8.43034,139,4861.294545
-3.179607,150,4865.107504
7.419514,145,4868.534959
9.324291,98,4871.155267
11.56815,102,4873.72876
10.597138,93,4876.049706
10.282098,106,4879.004189
9.33995,75,4880.795956
-4.903553,150,4884.526984
10.917117,93,4886.904576
8.75127,87,4889.112717
11.709364,69,4891.009463
7.322827,114,4894.198441
10.632734,99,4896.80552
11.521394,71,4898.489123
9.41329,78,4900.536113
9.885,133,4903.83239
9.831137,107,4906.603931
10.645091,73,4908.614495
7.808122,90,4910.930396
11.336766,101,4916.15084
13.181466,75,4918.168073
-4.305601,150,4922.09289
10.514319,57,4923.50776
-5.674328,150,4927.515396
10.222549,49,4928.89056
10.308702,120,4931.608037
11.641802,123,4934.843655
8.849097,114,4937.721371
12.221846,70,4939.516875
11.564138,73,4941.247295
9.908451,73,4943.131837
10.630079,103,4945.715295
11.547151,73,4947.659337
10.137095,117,4950.683404
9.967846,101,4953.364423
9.670521,92,4955.795581
8.380317,92,4958.260276
5.354332,100,4960.737366
10.512702,51,4961.876558
9.782388,123,4965.056
-1.084032,150,4971.605202
10.07394,85,4973.734203
9.543953,91,4976.080274
10.493351,100,4978.660708
9.96032,109,4981.512979
10.060894,89,4983.905189
10.981058,78,4985.824547
9.496634,133,4989.266866
11.424329,101,4991.865883
10.62345,103,4994.427613
10.193526,79,4996.391023
8.651999,88,4998.763578
10.43318,101,5001.438187
11.206636,65,5003.103386
10.49913,66,5004.616755
10.323905,83,5006.731878
10.74715,88,5008.85449
10.890067,94,5011.138506
9.840354,80,5013.278399
11.868974,88,5015.706833
10.32924,63,5017.361917
9.505944,78,5019.463534
11.479477,81,5021.600257
10.148597,49,5022.920991
9.799413,65,5026.790445
10.285641,68,5028.534707
10.212572,104,5031.050384
11.895019,61,5032.732714
9.345155,93,5035.071696
10.452181,83,5037.256562
10.455215,60,5038.966005
9.662939,104,5041.511625
11.249898,109,5044.143372
9.100215,84,5046.338407
8.375391,97,5049.000536
8.910232,95,5051.500594
7.602637,85,5053.778329
11.669618,83,5055.67975
10.572269,54,5057.11196
4.923701,95,5059.454336
9.251165,125,5062.52743
11.962834,67,5064.288203
9.162982,78,5066.33167
-2.305367,150,5070.292612
8.300616,81,5072.469457
11.146078,76,5074.575665
10.820536,67,5076.308251
11.296368,95,5081.280888
-0.680074,150,5085.097496
10.9589,82,5087.068533
9.346491,95,5089.174589
10.785384,91,5091.727791
10.443521,126,5094.798699
9.476092,94,5097.122968
9.844422,141,5100.663583
9.501186,82,5102.866407
10.78466,107,5105.674068
9.672944,65,5107.363945
9.662298,99,5109.946934
10.19332,75,5111.802958
-1.860586,150,5115.282359
7.644975,140,5118.554714
11.257304,73,5120.409574
9.697358,82,5122.556896
10.910423,106,5125.269745
9.816995,62,5126.88434
-0.892875,150,5130.398842
10.104884,122,5136.059646
9.56499,103,5138.723785
11.844345,91,5141.070411
9.141337,101,5143.763811
9.071419,104,5146.364687
10.729028,72,5148.027535
9.361309,110,5150.529341
10.31277,100,5153.166597
-4.089693,150,5157.143389
9.325247,128,5160.271649
11.555696,88,5162.547764
-2.3299,150,5166.269642
7.687623,121,5169.176109
6.439633,110,5171.917652
10.342493,87,5174.368112
8.724573,108,5177.057044
9.597666,69,5178.926393
8.831831,150,5182.321166
11.860983,82,5184.590197
9.46022,148,5190.982231
-0.255824,150,5194.916596
9.64821,74,5196.686425
10.125435,90,5199.218553
-1.703362,150,5203.33253
9.627361,79,5205.358575
9.296069,107,5208.04263
10.207832,81,5210.178609
10.284633,54,5211.582319
9.980935,95,5213.766276
9.972538,43,5214.812254
11.456521,84,5216.832442
6.247452,134,5220.143215
7.534998,91,5222.334786
8.757803,115,5225.254403
12.574818,100,5227.861919
11.172111,96,5230.513673
10.394446,73,5232.436449
-1.090762,150,5236.432499
10.316456,42,5237.612547
10.380428,98,5240.233139
8.3982,135,5245.811932
9.620182,68,5247.559544
9.852846,140,5250.982325
9.444165,80,5252.89419
10.272624,104,5255.686884
10.722765,61,5257.368697
9.233836,120,5260.455831
9.155644,119,5263.494712
11.311386,72,5265.359959
12.760301,121,5268.313103
11.588742,70,5269.939857
10.246371,69,5271.648984
8.525582,122,5274.753631
10.425431,103,5277.137247
11.448762,82,5279.107311
9.226134,90,5281.463822
9.970875,110,5284.330643
9.454384,135,5287.684007
9.988562,102,5290.439426
8.276455,128,5293.795561
10.374353,130,5299.643384
11.832485,71,5301.276609
8.09475,81,5303.450175
10.346903,98,5305.973461
11.41797,71,5307.498851
9.891407,60,5308.972851
10.995037,56,5310.208067
9.740342,84,5312.278404
10.409532,80,5314.178494
10.377959,53,5315.489978
10.220482,97,5318.032282
11.388847,69,5319.683319
-1.544329,150,5323.125688
9.140053,98,5325.565955
9.895922,65,5327.095778
10.86208,74,5329.035156
8.78345,119,5331.881474
9.170923,103,5334.481406
10.190791,55,5335.92996
10.026125,129,5338.834046
9.570189,73,5340.534277
11.778799,79,5342.545884
11.137897,70,5344.222904
11.985533,49,5345.40703
10.738632,89,5347.548105
9.79804,97,5352.581403
10.353392,71,5354.337871
9.757248,85,5356.435415
9.957672,77,5358.474451
11.46866,57,5359.976267
9.879356,107,5362.705827
10.07497,82,5364.876378
11.906229,81,5366.880053
11.052589,100,5369.238936
8.233211,68,5370.703781
7.644907,94,5373.026961
9.299024,84,5375.276929
-3.158516,150,5379.034881
11.128509,58,5380.579308
8.391698,108,5383.176182
10.952193,111,5385.72905
-2.682875,150,5389.432703
-9.581144,150,5393.328114
9.452968,112,5396.081102
12.102855,98,5398.68259
12.504809,70,5400.58741
-3.111008,150,5406.476355
9.510781,71,5408.409355
10.099715,98,5410.98791
-0.536416,150,5414.637017
10.742947,70,5416.367251
8.964493,91,5418.8289
9.871514,77,5420.821242
-2.659081,150,5424.995518
8.08767,121,5428.054014
7.490454,103,5430.743759
7.217447,95,5432.853866
9.421235,139,5436.019673
10.062933,89,5438.260977
7.181545,91,5440.733951
10.827552,79,5442.641602
8.768019,132,5445.821213
8.707419,125,5449.054101
9.715257,77,5450.881507
4.508679,134,5454.23104
8.806393,69,5455.97868
10.422082,77,5460.504923
10.051689,73,5462.42332
6.956692,116,5465.118235
-11.032499,150,5469.065112
11.444193,56,5470.606741
10.972676,75,5472.46885
10.790834,39,5473.637777
-0.983286,150,5477.470953
10.674193,98,5480.039864
10.430341,64,5481.591313
-5.201865,150,5485.407691
9.45353,111,5488.313756
10.307625,81,5490.38489
9.50401,93,5492.741904
8.588811,111,5495.664742
10.023511,68,5497.070359
11.612979,68,5498.954775
10.838601,73,5500.954437
5.038456,120,5503.987325
10.200036,88,5506.048203
9.349369,98,5508.484646
10.115077,79,5510.367689
11.6464,66,5514.567566
11.050521,64,5516.109495
7.88135,123,5519.425359
12.144285,69,5521.212373
10.71062,68,5523.110449
9.524343,93,5525.529038
11.391347,75,5527.394915
10.41245,89,5529.506763
8.165325,110,5532.25568
13.106185,98,5534.890683
10.508003,69,5536.730468
8.303855,149,5540.71155
9.644679,78,5542.828184
9.930389,127,5546.260048
11.053257,45,5547.59736
-1.850115,150,5551.641724
10.324805,52,5553.033023
11.443951,64,5554.75844
11.833021,102,5557.21592
9.963247,89,5559.370877
10.928855,86,5561.425489
9.389711,109,5564.395245
9.890193,88,5566.554543
8.56883,135,5572.371696
8.518604,144,5576.176359
9.383827,94,5578.8538
5.732644,115,5581.955397
9.058139,91,5584.207331
9.728924,104,5586.854939
-2.592945,150,5590.585432
8.019033,112,5593.448371
9.734491,95,5595.956032
10.779973,80,5598.11033
10.205649,86,5600.205233
-2.168124,150,5604.081819
10.574971,58,5605.699195
7.762738,104,5608.208791
12.340879,63,5609.999406
8.935239,111,5612.991754
9.955426,106,5615.684354
7.825664,150,5619.390432
9.924153,103,5621.844047
-2.693479,150,5628.078152
11.291969,69,5629.833919
9.725283,100,5632.432266
7.334817,128,5635.788009
-3.366754,150,5639.62821
10.166024,68,5641.41864
11.05668,44,5642.686593
11.815709,72,5644.774841
11.659214,101,5647.329908
9.078806,135,5650.869914
11.552592,80,5652.738521
-3.854545,150,5656.372255
-2.241294,150,5660.182682
-0.884419,150,5664.272944
9.26624,103,5666.945465
10.930906,47,5668.276391
10.453382,115,5671.084299
10.302234,88,5673.277974
10.340119,73,5675.151477
10.175504,75,5677.005645
10.529545,65,5681.090295
9.316829,107,5683.877556
9.989406,51,5684.974378
10.713679,80,5686.975625
9.179906,98,5689.730694
10.529296,47,5690.854613
7.516844,76,5692.710623
10.600001,88,5694.79303
10.038407,61,5696.159941
8.452041,93,5698.648836
9.937276,106,5701.455518
9.393128,108,5704.232399
10.698758,69,5705.86577
9.26254,113,5708.9764
11.301035,87,5711.204048
10.257371,69,5713.041734
8.547757,121,5716.281062
10.055354,139,5719.613654
10.753891,53,5720.954298
10.990617,71,5722.81017
10.268544,59,5724.370701
10.828776,103,5726.949085
11.883581,57,5728.448344
10.369955,49,5729.804482
9.213446,92,5734.364047
12.1147,66,5736.096887
9.785226,79,5738.019108
11.525927,58,5739.638318
9.619927,77,5741.663277
10.251337,73,5743.478994
10.645063,92,5745.916599
7.276407,104,5748.312688
10.921629,43,5749.423148
10.872682,64,5750.987768
10.648584,72,5752.883949
10.052947,71,5754.823958
10.307856,60,5756.31704
10.718179,97,5758.864873
11.76192,72,5760.94279
9.616537,86,5763.039548
9.583408,132,5766.401011
10.783219,71,5768.349528
8.996281,148,5772.357879
9.661561,134,5775.823428
8.760969,91,5778.066647
10.182623,122,5780.930981
9.900183,71,5782.691299
10.572264,93,5784.985314
10.893603,56,5786.564772
10.321735,85,5791.210157
8.453257,76,5793.354623
9.218167,108,5796.210685
11.191557,74,5798.108681
10.066184,103,5800.893176
10.455581,91,5803.042734
9.878161,109,5806.017479
10.318917,75,5807.948895
10.245887,106,5810.653726
5.718135,125,5813.67929
10.426977,38,5814.770635
10.747508,63,5816.362599
11.432437,81,5818.254097
9.151547,100,5820.861839
10.277257,78,5822.639266
11.291157,64,5824.306525
10.674432,91,5826.669574
10.002866,105,5829.269145
11.061488,56,5830.75051
10.188202,82,5832.998753
9.999736,115,5836.032814
12.179944,83,5838.191805
10.047223,104,5840.892465
10.777187,84,5845.467535
9.801805,59,5846.955352
11.818921,101,5849.705524
10.25494,75,5851.630764
10.060376,61,5853.154479
9.902083,99,5855.794926
10.93219,66,5857.388298
10.575464,109,5860.36471
11.615021,75,5862.448585
11.509971,40,5863.418349
11.826101,96,5865.786578
10.785449,74,5867.549154
10.021586,113,5870.737919
10.538435,62,5872.419835
10.246646,86,5874.295998
9.822338,139,5877.793527
10.4805,73,5879.786409
10.271557,122,5882.832554
12.193579,65,5884.510181
10.397181,53,5885.835863
11.311697,106,5888.612724
7.66812,123,5891.837005
11.184979,88,5894.17188
10.474546,87,5896.439005
10.807191,120,5901.990221
10.914829,101,5904.696554
9.86535,110,5907.557868
10.60538,107,5910.351096
11.988519,87,5912.48418
11.643194,88,5914.949065
10.731782,77,5917.051077
9.8425,73,5918.879481
-2.621426,150,5922.519887
11.417634,45,5923.716707
11.769021,100,5926.305988
13.434329,94,5928.905802
-0.422037,150,5932.814899
11.364406,111,5935.685679
9.678546,103,5938.01183
7.954846,90,5940.43464
10.834221,91,5942.628272
10.884623,70,5944.389402
11.294249,44,5945.431722
8.908597,128,5948.579782
11.116105,108,5951.353816
10.847036,61,5955.493767
10.784556,82,5957.629635
9.775006,148,5961.239736
10.335229,65,5962.965349
10.146752,126,5966.222448
10.423619,99,5968.72778
9.944417,96,5971.035091
11.151052,55,5972.573315
10.059894,50,5973.88414
11.552242,98,5976.415599
8.868262,85,5978.551098
13.017189,65,5980.277761
11.130016,45,5981.475786
10.708079,71,5983.300615
6.93027,112,5986.438983
10.360266,89,5988.684648
10.688008,73,5990.444784
11.631546,70,5992.205855
10.41569,97,5994.637763
9.708255,81,5996.704214
9.947272,60,5998.247004
12.474171,75,6000.235393
11.000402,102,6002.5349
9.489755,73,6004.395154
10.991047,78,6006.253114
10.314604,70,6010.672103
10.079169,91,6012.793579
10.224398,79,6014.891341
6.846741,135,6018.407212
9.122987,97,6021.140692
10.490501,57,6022.523554
12.630493,62,6024.214659
10.191952,78,6026.118515
11.772227,97,6028.717937
10.568786,105,6031.260449
9.497032,127,6034.405865
9.358145,107,6037.256614
12.319569,67,6039.01408
12.275393,67,6040.867646
9.845486,72,6042.687778
10.59907,77,6044.711094
12.31953,48,6046.039829
10.182526,82,6047.978205
11.007694,72,6049.789983
10.699392,99,6052.28472
9.995285,85,6054.385586
10.225281,42,6055.572541
10.509388,102,6058.061144
10.831681,78,6059.948426
11.478479,90,6064.169687
10.866022,60,6065.894963
10.66815,82,6068.087144
10.655246,74,6069.900263
10.25749,115,6073.000491
11.942494,90,6075.39597
10.698493,93,6077.711689
11.234136,60,6079.377638
11.077589,55,6080.819361
11.233685,91,6083.307302
11.571496,73,6085.080369
10.564079,56,6086.48628
9.477255,131,6089.763186
12.099995,138,6093.321199
10.641286,60,6094.663807
9.16906,112,6097.05449
10.619408,76,6099.023091
8.953487,79,6101.031044
11.165577,72,6102.779078
10.78596,84,6105.068042
10.589434,82,6106.969712
11.16297,65,6108.811742
9.956303,85,6111.030042
12.156261,74,6112.751235
8.879922,97,6115.25457
8.381411,86,6119.862742
11.660515,76,6121.855416
-1.833892,150,6126.098484
11.200363,50,6127.10641
9.123761,67,6128.744161
11.854947,55,6130.253918
12.745462,71,6132.037124
-0.652761,150,6136.062307
9.810231,83,6138.138155
10.48349,112,6141.134773
10.174898,71,6142.826096
11.242996,74,6144.696505
10.618931,86,6146.969188
10.355427,87,6149.079563
10.302514,65,6150.966645
9.184497,86,6153.080439
10.318712,83,6155.405453
10.262507,90,6157.732719
10.5492,100,6160.38467
13.006457,76,6162.289663
10.010322,80,6164.461445
9.186867,105,6167.162464
11.115493,77,6169.231931
10.22955,38,6170.404004
-4.606759,150,6176.861286
-0.776171,150,6180.605371
11.771162,79,6182.706253
10.9919,93,6185.107027
11.832146,80,6187.024954
11.081883,103,6189.519249
9.656505,81,6191.626285
5.739859,141,6195.513545
8.288143,127,6198.782952
9.917873,50,6200.233155
10.012988,56,6201.706964
9.912164,59,6203.200855
10.965188,47,6204.493161
10.652294,93,6206.888327
10.955039,76,6208.933829
9.288578,119,6211.912294
11.965316,95,6214.385573
10.561795,49,6215.788606
10.093888,86,6218.106881
11.057383,56,6219.456755
6.83161,144,6223.286561
8.622156,97,6225.810582
12.206551,57,6227.314262
9.848892,81,6232.008679
10.247446,108,6235.073074
9.717624,73,6236.958337
11.468018,75,6238.880729
10.201961,80,6240.90602
9.004925,84,6243.216587
10.991009,77,6245.063499
11.032562,74,6246.932469
11.360791,81,6249.236504
10.195385,107,6252.097991
10.63352,56,6253.383648
10.00442,58,6254.845917
9.432043,82,6256.934395
10.645049,94,6259.563736
10.494914,72,6261.408703
9.255083,103,6264.24126
10.389687,65,6266.049873
11.18085,67,6267.914164
10.308102,75,6269.837478
10.802657,62,6271.424208
10.673048,99,6273.978661
13.181112,99,6276.428708
11.098144,59,6277.990307
10.943423,46,6279.141879
10.202546,67,6281.005059
10.082863,91,6283.322495
9.955025,80,6287.795186
-2.271197,150,6291.840122
10.72213,56,6293.296255
10.730968,58,6294.833771
11.391149,120,6297.6329
-1.320568,150,6301.522072
8.235858,101,6303.867742
9.006589,99,6306.217555
10.595956,96,6308.579886
9.680262,63,6310.255708
9.754192,90,6312.55826
10.745532,78,6314.5661
10.891835,80,6316.439306
10.727485,56,6317.812425
10.078714,104,6320.424333
11.275041,63,6321.909293
9.519947,112,6324.78387
11.432901,72,6326.796903
10.47926,84,6328.859911
10.144401,66,6330.63028
13.470542,55,6332.204219
10.29189,37,6333.265166
10.928718,89,6335.723941
12.524786,107,6338.548876
10.356265,82,6343.276309
9.46592,130,6346.827428
11.009123,77,6348.606613
9.693334,79,6350.757325
10.871057,80,6352.831852
10.224677,58,6354.370303
9.655715,107,6357.310908
7.274123,91,6359.679445
9.640888,66,6361.318127
11.625967,91,6363.716723
11.5301,105,6366.605465
8.978976,98,6369.225281
9.070071,111,6372.138378
10.857036,73,6374.105361
10.869553,66,6375.697666
10.054332,68,6377.350117
12.124879,54,6378.774344
6.636708,105,6381.436949
10.83247,63,6383.022784
11.697213,86,6385.498743
9.864102,75,6387.142678
9.674364,102,6389.871683
6.355283,98,6392.447303
10.586012,66,6394.114818
11.799929,65,6398.461579
10.525289,103,6401.464159
11.191725,72,6403.221857
10.179452,67,6405.004295
10.444312,81,6407.177472
9.037948,91,6409.548734
9.311995,111,6412.250653
10.911518,78,6414.383515
9.268153,78,6416.378147
10.536631,72,6418.385358
9.949011,90,6420.799161
10.85063,86,6423.038061
12.584757,73,6425.013901
9.681352,101,6427.467386
10.321954,76,6429.476286
9.934661,69,6431.305438
10.090324,101,6433.999023
10.376103,142,6437.807274
10.487031,64,6439.52038
11.412912,83,6441.604209
12.691797,59,6442.942261
10.766715,86,6445.306509
10.570878,68,6446.991145
11.097194,57,6448.380814
10.832759,75,6450.232859
10.044371,58,6454.095593
10.491836,75,6456.192687
11.858999,82,6458.455942
-5.036337,150,6462.467035
12.115217,85,6464.774208
10.132886,135,6468.079225
10.377448,95,6470.774803
11.980379,85,6473.00843
10.553807,49,6474.121693
10.821142,43,6475.277141
11.216441,69,6476.996521
10.832328,68,6478.603951
-4.613749,150,6482.429472
-1.65032,150,6486.417649
10.66563,94,6488.883981
12.547136,66,6490.65751
9.831176,83,6492.809506
4.326417,127,6496.060038
10.164349,61,6497.606289
10.124708,66,6499.331287
10.404888,51,6500.689103
10.5463,103,6503.254452
9.877297,57,6504.621914
10.72479,85,6509.004676
12.252943,72,6510.933498
10.928688,77,6512.792347
9.653174,61,6514.196105
9.845903,71,6516.216988
11.20673,59,6517.766516
12.405634,49,6518.869243
10.023525,93,6521.414574
11.344144,48,6522.646792
10.865329,65,6524.362226
9.626514,76,6526.573941
10.653942,80,6528.527501
11.296771,84,6530.969681
12.3503,82,6533.036736
11.078719,59,6534.617246
10.312866,96,6536.920862
10.496927,47,6538.017385
13.25909,75,6540.0104
8.439702,97,6542.649045
11.661848,74,6544.505004
10.354573,88,6546.792169
10.924309,72,6548.377351
10.711615,89,6550.686238
12.049947,55,6552.090471
10.387876,99,6554.509651
10.000873,82,6556.664805
7.929508,78,6558.644237
10.119123,60,6560.040617
9.832431,84,6564.879922
6.272301,90,6567.210694
10.194635,88,6569.066385
10.13602,58,6570.543781
10.575366,75,6572.443088
-2.788102,150,6576.226047
10.699912,77,6578.072531
10.903342,74,6579.974547
9.38783,87,6582.289661
10.933219,67,6583.932651
13.085022,67,6585.530098
10.416691,74,6587.423517
9.472877,61,6589.089514
13.64714,60,6590.727356
10.430332,73,6592.735173
10.510228,82,6594.778358
13.595197,59,6596.505666
9.425057,127,6599.516378
10.25271,122,6602.558191
11.282259,67,6604.398634
11.00351,69,6606.156716
9.89567,113,6609.149556
11.340762,60,6610.575989
9.2046,86,6612.623732
7.729898,105,6615.371502
8.866999,76,6619.591881
11.035244,86,6621.995044
10.007203,83,6624.069144
11.095221,81,6626.079111
-0.563524,150,6630.018697
10.348553,95,6632.222572
11.144631,71,6633.972266
6.195515,103,6636.706728
10.979687,43,6637.704458
10.433419,82,6639.821453
10.960252,73,6641.606516
11.434453,80,6643.690859
7.653695,80,6645.603605
10.839856,58,6647.067
10.170776,92,6649.388338
13.036228,77,6651.366703
10.122215,91,6653.650814
11.094282,92,6656.108944
11.57134,78,6658.325539
11.163992,51,6659.644529
10.912085,59,6661.258278
7.816139,96,6663.302394
10.562736,70,6665.014031
10.576016,70,6666.811244
9.606373,100,6669.248111
10.861852,127,6674.754181
9.625621,71,6676.616274
10.240637,83,6678.739729
8.566108,149,6682.700328
10.488646,77,6684.753805
10.563694,68,6686.472696
10.426078,49,6687.60411
10.480694,47,6688.913596
10.019181,90,6691.39604
9.531346,94,6693.919431
9.150873,105,6695.969821
10.967091,73,6697.654572
10.023032,89,6699.768033
10.590822,84,6701.873127
9.810776,81,6703.800512
11.690545,94,6706.25768
11.16985,65,6707.87836
10.504691,63,6709.605282
10.765765,71,6711.376205
9.387652,147,6715.248751
11.920034,48,6716.404095
1.01549,150,6720.456101
9.957929,122,6723.768558
